mmu-miR-532-3p,Bicd2,Btrc,Tbc1d8b,Kcnk6,Ptprj,Depdc5,Hspb7,Maoa,Ky,Arhgap23,Trim60,Pcdhb5,Cx3cr1,Oxsm,Larp1,Angel2,Wdr25,Eif4g2,Tmem38b,Nav2,Cntn2,Tstd3,Grap,Nat8f3,Ptp4a3
mmu-miR-465a-5p,Tirap,Setd7,Tfap2b,Gm11559,Cdc37,Nkain3,Thrb,4930563E22Rik,Ybx1,Map3k1,Arl4a,Tbc1d24,Ybey,Gid4,Dapk1,Veph1,Hltf,Ppp1r1c,Sim1,4930430F08Rik
mmu-miR-509-3p,Mrpl41,Fmo5,Frmpd4,Ptpn3
mmu-miR-291b-5p,Ttc14,Gnl3l,Asxl2,Ppp2r3d,Ptprg,Cdyl,Erc2,Ogdh,Svep1,Cdc42se2,Rab27a,Obscn,Mettl2,Traf6,Agpat5,Cdc37l1,Atp2b2,Mgll,Ascc3,Ubn2,H2-Q4,Hipk3,Mcc,Map3k9,Nup133,Hdac9,Hip1,Tmem136,Igsf3,Dach2,Nol10,Grap,Msi2,Pappa,Robo1,Bach2,Cad,Cd300a,Zfp113,Zfp866,Fndc1
mmu-miR-615-3p,Txndc9,Fosl2,Zfp1
mmu-miR-654-5p,Gucy2f,Fkbp6,Lrrc58,Khdc1b,Nfic
mmu-miR-324-5p,Heatr1,Macf1,Erc2,Lrig2,Dock9,Kmt2c,Kcnk6,Slc2a10,Arid1a,Evi5,Zscan12,Fras1,Rab11fip1,Atp2b2,Rims1,Bcorl1,Dip2b,Tanc2,Trpm7,Clmn,Xirp2,Pafah1b1,Zfp516,Tmc8,Itgav,Baz2b,Hecw1,Vash1,Ubxn8,Myo16,Heatr5a,Zbtb21,Smo,Rcan2,Gjc3,Zbtb40
mmu-miR-331-3p,Heatr1,Slc17a8,Ms4a6c,Nkain3,Slit2,Megf8,Tbc1d8b,Mrm3,Gpr158,Aim2,Maoa,Smg1,Arhgap32,Phf8,Srcin1,AY074887,H2-Q4,Thoc2,Zfp870,Cmtm6,Nrxn2,Phlpp1,Mecp2,Zfp949,Eci1,Nol11,Col4a1,Lrrc58,Usp13,Itpr2,Tmx4,Nucks1,Brwd1,Pi16,Clec16a,Flg2,Myo15,Gm7609,Golga2,Fem1a,Trappc9,Lats1,Hectd3,Pogk,Mcf2l
mmu-miR-338-3p,Ly6e,6030458C11Rik,Smarca5,Aco1,Zbtb10,Lactb2,Zc3h13,Zc3h4,Uggt2,Egln2,TNFSF11,Tmbim1,Apod,Kcnk6,Syt12,Stox2,Pde6h,Slc52a2,Prr14l,Gsk3b,Spib,Cpd,Pitpnm3,Moap1,Cdk7,Plxnc1,Naip6,Lmo7,Wdr52,Trpm7,Coq3,Prlr,Fgfr2,Runx2,Utrn,Zfp689,Baz2b,Myh1,Cnnm3,Spon1,Dlg5,Inpp5e,Ctsa,Map3k7,Sf3a1,Hspg2,Spag7,Dyrk2,Slc45a4,Zfp446,Sgk3,Arl1,Zfp36l1,Zfp282,4930539E08Rik,Col27a1,2810006K23Rik
mmu-miR-202-3p,Nf2,Madd,Pcdh19,Macf1,Kif26b,Ccr7,Mup17,Lig3,Pde6h,Cacna1h,Satb1,Tnc,Trpm7,Celsr2,Ncoa2,Phlpp1,Mup11,Tenm4,Kmt2a,Taok1,Trim67,Map3k7,Lphn3,Nav3,Lins1,Pcsk5,Ophn1,Mgam,Meis2,Apc2,Msi2,Ints2,Sox9,Ifnar1,Zfp652
mmu-miR-139-5p,Gfpt1,Akap8,Sumf2,Pphln1,Sirpa,Dtwd2,D17H6S53E,Cyb5d2,Ajuba,Prpf4,Man2a2,Dnase2a,Sec23ip,Mtus2,Tmem69,Gcnt3,Stx17,Trpm7,Bub1,Bbs1,Hacd3,Rrp36,Cracr2b,Zfp830,Tmem88b,Lrrc58,Fzd7,Tmx4,Sgo2a,Irs1,Foxo1,Crb2,Sec22c,Gje1,Fam198b,Rassf4,Sfxn4,Smco1,Slc15a1,Gpr68,Tars2,Slc35e1,Zfp113,Hist1h4i,Akr1d1,Dars2,Fitm2,Rnd1,Dennd6a,Gas2l3,Pigv,Rprd1a,Zfp697,Ddhd2,Thap2,Tspyl1,Tmem206,Nup214,Commd8,Cdk7,Atp5g3,Mbd4,Rchy1,Knop1,Xpo7,Slc25a51,Rnaseh2a,Sco1,Cep68,Onecut3,Akirin2,Ybey,Mzt1,Bysl,Inpp5e,Gdpgp1,Tfcp2,Ireb2,Acvr1c,Sema3e,Tmco3,Slc1a7,Pfkl,Clns1a,Nr3c1,Osbpl8,Bach2,Zfp345,T2,Parp11,Lix1,Ldlrad2,Mrpl40,Zfp799,Rasal2,Pycr1,Mkrn2os,Dhx37,Cts8,March5,St18,Lig3,Arhgef17,Tln2,Spib,Zfp872,Dll3,Cwc25,Gng2,Atg2b,Akap5,Mga,Ttc26,Trim36,Gtpbp3,Trmt10a,Cep97,Prdx1,Vsig10,Orai3,Myo18a,Iba57,Entpd5,Nanog,Ttc5,Ccdc157,Vps13c,2810021J22Rik,Zdhhc3,Tex9,Dlx3,Xrcc2,Ptp4a3,Zfp322a,Fat4,6030458C11Rik,Zfp11,Zc3hav1l,Ocln,Hnrnpab,Mrpl15,Rho,Atrn,Aak1,Exosc4,Plxna1,Sorl1,Chrna1,Decr2,Scn4a,Isg20l2,Tulp3,Luc7l2,Mmp25,Chd2,Notch1,Wdr81,Ostf1,Baz2b,Map3k20,Teddm1b,Nip7,Ctsa,Ryr2,Pcdhb13,Nop9,Gngt1,Nmrk2,Myh10,Sc5d,Dynll1,Msi2,Ubac1,Pmaip1,Irgm2,Dusp3,Rbak,Rnf150
mmu-miR-342-5p,Macf1,4930402H24Rik,Dock9,Wnk1,Obscn,Rab6b,Arhgef17,Arid1a,Dab2ip,D630045J12Rik,Numa1,Plxna1,Ank1,Dchs1,Tspan18,Herc2,Aff1,Alkbh5,Zfp26,Pak3,Muc5b,Specc1,Atrx,GFAP,Mgam,Csnk1g1,Slc10a5,Tab3,Fbxl17,Sh3pxd2b,Robo1,Dcp2,Myh14,Tsc1,Akt1
mmu-miR-335-5p,Lrrfip1,Slc38a9,Polr3f,Prpf4,Nfx1,Dag1,Bst2,Dact1,Tigar,Hmmr,H2-Q4,St6galnac3,Prkaa2,U2surp,Mmp20,Mettl16,Arid2,Rhag,Glyctk,Pura,Glrb,Samhd1,Osbpl6,Tcaim,Cr2,Ran,Olfr96,Ado,Ppp1r9a,Il11,Tcf4,Nat8f3,Rb1,Iws1,Sec23a
mmu-miR-207,Nrl,Plcl1,Bsn,Steap2,Zfp704,Macf1,Crebrf,Rab3c,Preb,Oacyl,Ubtf,Zfp994,Mpdz,Cep192,Numa1,Gda,Ncor2,Bcorl1,Pcnxl3,Myh14,Mfsd4b5,Ascl4,Prlr,Cplx2,Prr5l,Smchd1,Baz2b,Atp10b,Txnl4a,Cbx6,Dlg5,Dzank1,Crb2,Ntm,A830010M20Rik,Ankrd33b,Pum2,Lpl,Prkag3,Sh3bgrl,Slc22a12,Pigr,Nlgn3,Adcy6,Nab1,Emp2,Tsc1,Itgam
mmu-miR-540-5p,Abi2,Slc26a1
mmu-miR-409-3p,Akna,Nsa2,Epn3,Fbxo41,Pcdh20,Sms,Rnmt,Dixdc1,Adgrf5,H2-Q4,Zfp750,Grhl3,Zfp92
mmu-miR-290-3p,Tvp23a,Celf2,Pde6h,Ncam1,Slc25a12,Nup205,Agpat5,Fam199x,Kmt2d,Hs2st1,Fat3,Utrn,Dync1h1,Ireb2,Zfyve16,Map3k7,Herc1,Pgbd1,Dnmt3b,Ar,Thsd7a,Nkd2,Mbtps2
mmu-miR-339-3p,Col5a3,Ryr3,Pkd1,Ccdc88c,Tmem56,Gpr158,Nt5dc3,Xiap,Mthfr,Aim1,Idi1,Wnt5a,Cdan1,Ece1,Dysf,Tbc1d1,Oprm1,Rbms2,Rgp1,Sptbn2,Dsg2,Ago3,Lama5,Grm1,Lgi2,Chd9,N4bp1,Zzz3,Trank1
mmu-miR-291a-3p,Ppp2r3d,Meox2,Ift140,Pax6,Adarb1,Ncam1,Pwwp2a,Abl2,Zfp607b,Npy1r,Dip2c,Kcnh5,Rimklb,Tmem245,Zbtb41,Hyal1,Lphn3,Ddx11,Lpl,Chrnb4,Myl6b,Dkc1,Mpv17,Ogdh,Kmt2c,Car5b,Pten,Galnt4,Utrn,Stam2,Ybey,Ireb2,Mup13,Ercc4,Ago3,Chek2,Il10rb,Tns4,A830018L16Rik,Gabpb2,Cd300a,Tmlhe,Anapc16,Nav1,Hpgds,Acat1,Emc8,Zfp568,Slc7a1,Mup7,Zfp882,Usp45,Atg2b,Mtif2,Mpp7,Chic1,Stat1,Cemip,Nfatc3,Slc6a2,Fam168b,Glrx2,Kif5b,Diaph2,Cntn2,Nol10,Trim56,Csmd1,Asxl2,Cdkn1a,Mpdz,Mc1r,Fbxl3,Camk4,Stxbp4,Mau2,Elf1,Luc7l2,Tprkb,Gad2,Dync1h1,Ncl,Glyctk,Hecw1,Magt1,H2-T3,Zfp142,Avl9,Grm1,Ar,Samd8,Ubxn2a,Cxcl11,Zfp866
mmu-miR-542-3p,Ago4,Pdxk,Nectin4,Tmem106a,Zfp932,Atm,Zfhx3,Nceh1,Slc1a2,Vps33b,Plekhf2,Pigr,Ncan,Acsm2,Gnb4,Rnf170,Cd1d1,Camk1d
mmu-miR-296-3p,Ttn,Macf1,Rnf24,Ano5,Syne2,Tfam,Dusp8,Gna14,Igf1r,Nsa2,Agpat5,Dnajc13,Smg1,Plce1,Braf,Tnf,Car5b,Clmn,Mga,Prss43,Itpr2,Tmem2,Hdgfrp3,Galnt13,Mcmdc2,Itgb4,Mical2,Myo9b,Zbtb20,Ctla2a,Clcn5,Phf14,Cxcl11,Clvs1
mmu-miR-532-5p,Ly6e,Pdzd8,Rnd1,Kalrn,B4galnt2,Dnmt3a,Fgl2,Dnase2a,Trub1,Col8a1,Zbtb8b,Mfsd6,Mbd4,Ripor2,Dqx1,Supt7l,Gtpbp3,Hinfp,Pde1a,Psd3,Sf3a1,Trps1,Exoc8,Ccdc127,Prrg3,Pfas,Zfp446,Gabpb2,2810006K23Rik
mmu-miR-682,Npm3,Atp6ap2,Edil3,Synrg,Stk10,Tmem88b,Lrrc58,Ptpre,Gpr146,Aff1,Ube2k
mmu-miR-409-5p,Cdnf,Dgkg,Tril,Itgb4,Zfp871,Rnf130
mmu-miR-126-5p,Tmem106b,Zdhhc8,Sfmbt2,Bcl9,Tmprss11g,Cd2ap,Kat6a,Mgat4a,N4bp2,Trim25,Rnmtl1,Herc2,Aatk,Sema3f,Ces1f,Usp31,Prkacb
mmu-miR-590-5p,Rpp40,Tns1,E2f2,Moap1,Map3k1,Rmnd5a,Gid4,Gon7,Kcnk6,Cyfip1
mmu-miR-105,Ppp2r3d,Agtrap,Elp4,Adarb1,Pwwp2a,Abl2,Zfp607b,Npy1r,Dip2c,AY074887,Tmem245,Hyal1,Csrnp3,Pcsk5,Satb2,Ddx11,Lpl,Chrnb4,Coa5,Dkc1,Mpv17,Frem1,Ptprg,Slc7a14,Ogdh,Gna13,Auts2,Car5b,Nup155,Kmt2d,Clmn,Edn1,Atad5,Acacb,Ybey,Hip1,Ercc4,Sema5a,Chek2,Tns4,A830018L16Rik,Gabpb2,Cd300a,Chd5,Tmlhe,Anapc16,Mob4,Nav1,Hpgds,Mmab,Gria2,Acat1,Eif1ad,Rasal2,Zfp568,Pik3c2a,Emc8,Ceacam18,Zfp882,Usp45,Cnr1,Mtif2,Mpp7,Ifngr2,Chic1,Nfatc3,Slc6a2,Glrx2,Serpinf2,Kif5b,Ptgfrn,Diaph2,Cntn2,Nol10,Trim56,Asxl2,Map3k12,Macf1,Nhlrc2,Erc2,Lrp2bp,Mc1r,Fbxl3,Camk4,Thada,Stxbp4,Mau2,Elf1,Herc2,Luc7l2,Ubn1,Tprkb,Unc80,Gad2,Glyctk,Hecw1,Magt1,Hdgfrp3,H2-T3,Ryr2,Grm1,Samd8,Cxcl11,Zfp866
mmu-miR-125a-3p,2410089E03Rik,Cry2,Frem1,Mrpl40,Ryr3,Arhgap31,Pkd1,Entpd7,Cep170b,Gm14137,Xiap,Pcdh15,Slc7a1,Arid1a,Nol4l,Psmb11,Rufy2,Bcat1,Nfatc4,Bloc1s3,Hist1h2bq,Tshz1,Hsd17b7,Aplp2,Dqx1,Hectd1,Shisa6,Arhgef12,Atad5,Zfp830,Fbn1,Slc7a11,Magt1,Hdgfrp3,Herc1,Galntl6,Myh3,Rab33b,Mgam,Myo9b,Tnfrsf10b,Zfp446,Zc3h7b,Ubac1,Rab11fip4,Mapk8ip3,Col27a1,Cenpf,Tmem263,Tsc1,Hist1h2br
mmu-miR-423-5p,Zmat3
mmu-miR-684,Iqgap2,Ankle2,Kcnk3,Atxn1,Ddx11,Chrna5,Cst3,Msx2,Pax9,Zfp953,Zyg11b,Adgrf5,Klrk1,Fgl2,Ppm1k,Mbtps2,Urb2
mmu-miR-34b-3p,Ube2v2,D16Ertd472e,Erc2,Raph1,Ttc19,Sec61b,Pbx1,Arhgap32,Dock4,Pof1b,Fam160b1,AU018091,Chd2,Ubxn2b,Slc5a7,Crnkl1,Ptbp1,Rhod,Tbx5,Kremen2,Tsc22d3,Slc16a12,Plk4,Ints1,Cops2,Fbxo45,Ldha,Nr3c1,Wbscr16,Sass6,Tnk2,Cdk11b,Dnah7b
mmu-miR-883a-5p,Atp2b3,Asxl2,Nav1,Slc25a34,Adarb2,Ccdc148,S1pr5,Ociad2,Arpc5,Rnf139,Zscan12,Ugt2b34,Esf1,Mrps14,Cdk9,Ehbp1l1,Zfp949,Itgav,Nol11,Htt,Nif3l1,Trp53rkb,Rasgrp3,Ccdc32,Rassf4,Eno2,Rps6kb1,Medag,Zdhhc3
mmu-miR-296-5p,Zfp300,Zdhhc8,Heatr1,Macf1,Bod1l,Cd44,Itgbl1,Slc7a1,Vmn1r58,Itpr3,Kmt2d,Chd2,Clmn,Syt7,Cflar,Sema7a,Prlr,Atpaf2,Utrn,Ifngr2,Grk1,Tmed9,Rp1,Nucks1,Myo15,Nanog,Tsc1,Fat4
mmu-miR-671-3p,Pbx1
mmu-miR-339-5p,Gnl3l,Gfpt1,Lars2,Akap8,Aco1,Gal3st3,Hapln4,Agtrap,Cyb5d2,Bpnt1,Ajuba,Kcnk6,Car8,Cd93,Man2a2,Mfn1,Tfam,Dnase2a,9330159F19Rik,Gls,Vamp3,Bace1,Sspo,Adra2b,Kif3a,Ercc6,Scn5a,Ripor2,Dqx1,Rfxank,Cflar,Rmi2,Utp15,Ogfod1,Abcc9,Dhrs7b,Disp3,Pnpla3,Arhgap19,C5ar2,Zfp729a,Cracr2b,Pafah1b2,Ttc23,Csrnp3,Ddo,Crb2,Hist1h2ac,Epb42,Aqp7,Nosip,Rbm11,Smtnl2,Smco1,Fnip2,Slc15a1,Gjc3,Slc35e1,Gmeb1,2810006K23Rik,Lyrm9,Pex13,Agl,Dars2,Rnd1,Sel1l,Dnmt3a,Ttyh1,Efr3b,4930519G04Rik,Grin2b,2010315B03Rik,Gm4925,Mroh1,Acer1,Dnajc1,Zbtb8b,Cdk7,Stam,Mbd4,Klhl41,Knop1,Kmt2d,Mdc1,Cacna1a,Zbtb6,Hectd1,Mmachc,Rc3h1,Slc8b1,Tbl1xr1,Nsl1,Gata1,Zbtb8a,Kcnh7,Mzt1,Gdpgp1,Strbp,Rad1,P2ry4,Slc35e2,Myh3,Xkrx,Rac2,Sgms2,Tnfrsf10b,Zfp446,Rbm34,Kif21b,Zfp354a,Kdm6b,Bach2,Osbpl8,Zfp345,Tmem263,Cbln3,Syt15,Ston2,Siglece,Gaa,Parp11,Ube2v2,Tox4,Zfp799,B4galnt2,Fam219b,Tigd3,Lpp,Pycr1,Nrcam,Dhx37,Cts8,Timmdc1,Ddx19b,Zfp317,Tspan13,Fam227a,Mkl2,Paxip1,Cbfa2t2,Spib,Lrrn4cl,Pgpep1,Senp1,Usp45,Elmo2,Gng2,Rinl,Grap2,Tcf25,Ppih,Ecm2,Bcor,Per3,Ppm1k,Mga,Ttc26,Slc6a20b,Ooep,Mcc,Bche,Sox7,Gtpbp3,Trmt10a,Ube2j2,Tstd2,Foxl1,Cep97,Zbtb44,Kif24,Smad9,Fam118a,2810474O19Rik,Mfap1a,Prdx1,Vsig10,Ccdc127,Ptpn2,Plek,Zfp398,Ints1,Senp5,Eno2,Pappa,Fam208a,Ranbp3l,Slc25a42,Cybrd1,Tex9,Zdhhc3,Rab11b,Zyg11b,Xrcc2,Ramp1,Mfsd11,6030458C11Rik,Rhbdl3,Ocln,Cds2,Polr1b,Wipf2,Nkiras1,Fadd,Car9,Stom,Exosc4,Cdr2l,Zmat3,Psmb11,Exosc1,Decr2,Mrpl35,Isg20l2,March2,Trim27,Bloc1s3,Oscp1,Mcm5,Mmp25,Dip2b,Herc2,Prkce,Unc80,Slc2a4,Wdr81,Ccl9,Cdk8,Nip7,Il1rl1,Cenpl,Ctsa,Ptk6,Zfp780b,Cercam,Ereg,Itsn1,Med18,Sc5d,Kdelc2,Rbm8a,Abt1,Dclre1c,Dusp3,Etv6,Samd8,Ifnar1,Lats1,Irak2,Iws1
mmu-miR-770-3p,Tmem176b,Pctp,Cd8b1,Zfp941,Syt7,2510002D24Rik
mmu-miR-484,Pbxip1,Rragd,Ubtf,Cops2,Bckdk,Foxn3,PCDH19,Dcun1d3,Tmem201,Tmbim1,Cx3cr1,Mat2a,Plekhg1,Rpl23,Serp1,Ubp1
mmu-miR-380-5p,Fundc2,Nav1,Ms4a6b,Acer3,Tspan18,2900026A02Rik,Ncbp3,Rab11b,Ptpre,Yme1l1
mmu-miR-546,Gnl3l,Sumf2,Pphln1,Ddx58,Cnih4,Cyb5d2,Bpnt1,Ajuba,Cd93,Slc28a3,Dnase2a,Sec23ip,Gdf3,Slc12a8,Birc5,Ercc6,Tmem69,Dffb,Homez,Dqx1,Rmi2,Ly6g6d,Zfp830,Tmem88b,Noc3l,Actr10,Ccdc85b,Sgo2a,Eif4g2,Exoc8,Neu3,Saysd1,Nsrp1,Epb42,Gje1,Pum2,Fam161b,Rbm11,Lpl,Sfxn4,Gpalpp1,Smco1,Fnip2,Ncan,Elovl7,Pla2r1,Gas2l3,Pigv,Ttyh1,Ddhd2,Sema4b,Thap2,2010315B03Rik,Gm2a,Depdc5,Tmem206,Kif15,Mbd4,Xpo7,Mdc1,H2afv,Tbl1xr1,Lrp4,Cnnm3,Commd7,Ubxn8,Gm5113,Tmco3,Ggcx,Tnfrsf10b,Pfkl,Zfp933,Zfp282,Cd300a,Cbln3,Smarcc1,Soga1,Ube2v2,Ldlrad2,Zfp799,B4galnt2,Mrm3,Tyr,March5,Dis3l,Rpl7l1,Paxip1,Tnfsf10,Zfp287,Cyld,Ecm2,Tpmt,Mga,Klhdc9,Ttc26,Ikbkg,Trim36,Trmt10a,Sfxn2,Ggps1,Zbtb44,Gm7616,Fam118a,Ttll1,Krt222,Mrps24,Rhoh,Cdnf,Pfas,Padi2,Gla,Nanog,Slc35d2,Fam208a,Ranbp3l,Lrrc39,Rab11b,Fundc2,Dph7,Zc3hav1l,Polr1b,Nkiras1,Apod,H2-T24,Zmat3,Chrna1,Mrpl35,Fyco1,Trim27,Bloc1s3,Mapre1,Teddm1b,Cenpl,Ptrhd1,Nufip1,Ctsa,Ctcfl,Itsn1,Snhg11,Sgk3,Fbxo43,Kdelc2
mmu-miR-199a-5p,Cd4,Pdxdc1,Ms4a6c,Sumf2,Myo3b,D3Ertd254e,Ctgf,Pde4d,Itga9,Rnf11,Nucb1,Sirt1,Fgl2,Tgfb2,Zfp937,Itpr1,Hif1a,Col4a6,Maoa,Ccnb1,Dip2b,Bcor,Herc2,Trpm7,Fam53a,Clic5,Wdr81,Pus7,Samd7,Npbwr1,Cdkn2aipnl,Crem,Kif1c,Phlpp2,Usp13,Ago2,Daam1,Adam19,Adgra1,Impg2,Col7a1,Lpin1,Dsg2,Rhou,Il17rd,Akna,Sema5a,Lrp1b,Myo18b,Dusp18,Hcn1,Col27a1,Sftpd,Tsc1,Srgap3
mmu-miR-582-3p,Cd300lf,Dennd5b,Gpi1,Rad51d,Cytip,Agps,Tspan18,Crebrf,Mkrn2os,Akr1d1,Zim1,Tnpo3
mmu-miR-323-3p,Ttc14,Fbn2,Azi2,Rp1l1,Taok2,Pira2,Lrig2,2510002D24Rik,Ehf,Pira1,Numa1,Sept8,Elmsan1,Taf3,Twist2,Kcnj2,Atp8b1,Impad1,Dclk1,Iars2,Prex2,Fbxl19,Fzd3,C2cd2,Tenm4,Dlat,Maf,Crem,Eed,Rc3h2,Syt13,Atf7,Usp6nl,Ccser1,Dstyk,Cntn1,Arhgap11a,Kctd12,4930539E08Rik,Tyw1,Tnks1bp1,Maml3,Rassf3,Zzz3,Trak2,Nanos1
mmu-miR-340-3p,Celf2,Grin2b,Col4a6,Mylk,Arhgap32,Uba1,Ptpn13,Ncor2,Ank1,Scn4a,Impad1,Xkr8,Cflar,Smchd1,Ireb2,Lrrc58,Usp13,Pask,Specc1,Trappc13,Satb2,Zfp148,Soat1,Dlgap1,AW549877,Smarca4
mmu-miR-335-3p,Cry2,Tbx20,Celsr3,Rbm4b,Tes,Tgfb2,Prkacb,Dusp8,Sfrp1,Mgat3,Mylk,Aida,Erich5,Il17re,Cntln,Rap2b,Rabepk,Zfp516,Hspa13,Cpox,Ube2d3,Arid2,Fnta,Rsad2,Synj2bp,Mrc2,Zfp92,Spc24,Tmem255a,Kat2b,Tcf4,Pkib,Opn5,Flrt2,Zbtb40,Epha7,Jakmip2,Tmem132b,Sel1l,Ptprj,Appl1,Zfyve27,Fli1,Gpm6b,Gid4,Mmachc,Smyd4,Pten,Cap2,Snx16,Ccnjl,Coch,Sgpp2,Kcnf1,Cmc2,Dusp26,Med13,Cacna2d4,Senp8,Zfp933,Atg5,Mthfd2,Sstr1,Dhfr,Zfp354a,Mapk8ip3,Cdc23,Zfp704,Prpf31,Zfp568,Mat2a,March5,Ccdc153,Arhgap32,Cbfa2t3,Slc1a2,Nnt,Dock5,Csf3r,Afg3l1,Xcr1,Rnf165,Prkaa2,Ppm1k,Zic2,1110037F02Rik,Csgalnact2,Tmed5,Eci1,Nup133,Wdr26,Hspa12a,Fpr2,Jph1,Fbxl14,Tecpr2,Zfp831,Meis2,Ubr3,Zyg11b,Ank3,Kcnmb2,Csnk1g3,Tnxb,Cdadc1,Grpr,Wdr89,Onecut2,Zeb1,Mex3a,Nppc,Psmb11,Chka,Gys1,Ncor2,Srcin1,Bcorl1,Pclo,Irf8,Golga4,Kif26a,Crocc,Pax2,Pabpc5,Eid1,Tmem38b,Ide,Foxp1,Fam83e,Eepd1,Sox11,Zdhhc20
mmu-miR-139-3p,Macf1,Plxna4,Entpd7,Dmxl1,Gpr158,Lig3,E130308A19Rik,Tmem106b,Mpdz,Ino80d,Tbc1d32,Mtor,Stx17,Chd2,Syt7,Shisa6,Zbtb1,Wdr81,Sco1,Rock2,Huwe1,Hdgfrp3,Opa3,Clec16a,Anapc1,Cln8,Nav2,Tbc1d9,Mtf1,Ankrd50,Zfp652,Magi1
mmu-miR-615-5p,Hoxa7,Cdkn2a,Msx2,Igf2,Lin28a,Coq3,Mbp
mmu-miR-883b-3p,Epb41,Adarb2,Tes,Ccdc148,S1pr5,Gab1,Phactr2,Pnoc,Tsn,Rnf139,Zscan12,Lbh,Rab11fip1,Tubal3,Kcnk3,Abcc9,Tbl1xr1,Zfp949,Nif3l1,Ggps1,Zbtb41,Rbm39,Spc24,Trp53rkb,Rasgrp3,Rps6kb1,Medag,Rad52,Irgm1
mmu-miR-340-5p,Slc35a4,Zcchc9,Acer3,Pisd,Enc1,Hunk,Atxn7,Mcfd2,Cul4b,Insm1,Apbb3,Cdc123,Rab11fip1,Pde4dip,Cltc,Tmem69,Srsf2,Lrif1,Edem1,Ndnf,Neto2,Fhod3,Abhd17b,Zfp512,Slitrk4,Pafah1b2,Xpo5,Dyrk3,Kcnk1,Smim14,Eif4g2,Id2,Pum1,Akap6,Fbxo21,Txndc5,Nckap5,Mpv17l,Bcl2,Epha7,Papola,Cdc42,Foxn2,Ephb4,Kcnj6,Nolc1,Zfp697,Creb5,N4bp2,Zfp664,L3mbtl3,Ttc39b,Auts2,Ankrd12,Eif4enif1,Pnma2,Bai3,Otud4,Utrn,Ywhab,Zfp619,Mmp16,Fbxo3,Man1a2,BC003331,Glce,Med13,Sema5a,Acvr1b,Purg,Ism1,Azin1,Tmod2,Olfr1226,Ogt,Plat,Olfr1053,Zfp260,Creb1,Peli2,G3bp2,Larp4,5730455P16Rik,Zfp583,Nbr1,Glul,Nr4a2,Xpr1,Scmh1,Inpp5a,Ppm1k,Slc41a1,Kif23,Adam10,Kpna1,Kif16b,Ubl3,Napb,En2,Chd7,Fgd6,Clec1a,Abca1,Fcgbp,Lpcat1,Pdgfra,Ppp3r1,Pcyox1,Soat1,Fam117b,Dpysl3,Csnk1g1,Pias1,Armcx4,Sall3,March6,Csnk1g3,Map1lc3b,Ralgapa2,Tmem240,Lnx2,Ap1s2,Pm20d2,Slc44a5,Icmt,Arnt,Cpeb2,4933411K20Rik,Lnpep,Rabgap1l,Mylip,Pank2,Ppm1l,Tmem209,Cyth3,Nktr,Slc41a2,Cntn3,Tpd52,Tenm4,Atxn3,Zfp729b,Igsf3,Sltm,Ywhag,Snhg11,Dr1,Crybg3,A130050O07Rik,Ppp1r9a,Chd9,Pde4b,Stxbp6,Fstl5,Ept1,Tgif1,Pik3ip1,Fnbp1l,Cry2,Ckap5,Ndst1,Cd2ap,Ncor1,Dstn,Dapk1,BC023829,Ipcef1,Eogt,Pou3f3,Vamp3,Man2a1,Naa15,Herpud2,Abl2,Ubald2,Kcnj2,Pkd2,Med14,Akt3,Tom1l1,Lpar4,Spag9,Prrc2b,Dync1li2,Tgfbr2,Hus1,Slc35a1,Asns,Ptp4a2,Slc7a11,Stk24,Lphn3,Pvrl1,Megf9,1200014J11Rik,Qser1,Npr3,Bmp2k,Ank,Ptpn11,Coa5,Lnp,Tspan2,Fcho2,Ppp1r13l,Lancl3,Celf5,Acadm,Ptprg,Slc14a1,Polr3f,AU040320,Snx9,Arl6ip6,Sept2,Bdh1,Tmem106b,Rictor,Tmem33,Ugcg,Adnp,Rapgefl1,Arhgap26,Zbtb33,Fopnl,Vezt,Golga1,Gphn,Cmtm6,Sufu,Vegfa,Actr2,Pde7b,Sfrs18,Lrrc55,Whsc1l1,Maml1,Cav1,Gabra6,Pds5b,Robo1,Serpine2,Eml5,Sphkap,Tnks2,Zkscan1,Kat6a,Camk2a,Arrdc3,Cxcl12,Cog3,Adam22,Reck,Impa1,Slc7a1,Ccnt2,Ino80d,Pik3r1,Tmem47,Cdca4,Slc1a1,Sept3,Csgalnact2,Zfp397,Map3k2,Fzd6,Ccser2,Wipf1,Fam168b,Smad9,Tmem55a,Rbm18,Nrg3,Klhl20,Hipk1,Padi2,Ubr3,Mtf2,Lin28b,Tfap2b,Brsk2,Col9a3,Stxbp1,Cds2,Tbc1d20,2700081O15Rik,Mlf2,P2ry1,Lgr4,Fam172a,Morf4l1,Exosc1,Luc7l3,Rce1,Chmp4b,Fam160a1,Slc24a2,Klhl24,Elovl5,Zik1,Grem2,Tgfbr1,Nucks1,Sestd1,Slc25a24,Ppp1r12c,Gpd1l,Fat1,Apitd1,Msi2,Idh1,Robo2,Sox11,D15Ertd621e,Cript,Cyp2a12,Ankrd46,Usp25,Mllt10,Hbegf,Ppapdc1b,Trappc8,Syap1,Dgcr2,Smim15,Ints10,Pcmtd1,Myo5a,Arl2bp,A230046K03Rik,Dach1,Igfbp3,Msantd4,Ugdh,Anapc11,Pan3,Acn9,Myo10,Slc7a2,Ski,Prdx3,Elavl4,Ltn1,Cdk19,Smtnl2,Tcf4,Gm9875,Nlgn1,Kif13a,Dennd6a,Slain1,Phf3,Thap2,Smoc1,Gm2a,Gdf10,Mbtd1,Jmjd4,Agfg2,Mtus1,B4galt2,Gtdc1,Ccl28,Vcam1,Cadm2,Enpp2,Mapkapk3,Slit3,Chl1,Slc9a6,Bcl11a,Mfhas1,Epn2,Crk,Ntrk2,Pfn2,Ube4b,Kcnk2,Parp11,Aff4,Scn1a,Gabrg1,Ids,Slc16a14,Fam227a,Ap3m1,Gabpa,Nipa2,Spp1,2010107E04Rik,Camta1,Limch1,Asb7,Cwc25,Zfp800,Anp32e,Tmem178b,Stau2,Vopp1,Klhl7,Mccc1,Lin7c,Tmed5,Acsl1,Rnf111,Hdac9,Nfatc3,Ctnnd1,Ipmk,Pam,Rragc,Six2,Ddn,Lrp11,Plxnd1,Dgke,Acbd3,Ank3,N4bp2l2,Sv2a,Osbpl11,Camk2n1,Emp2,Vma21,Nptn,Snapc1,Mmgt1,Gad1,Kdm5b,Hdac2,Spag1,Sort1,Ahsa2,Gpr158,Lrp12,Chst15,Ing3,Arid1a,Trim2,Rev3l,Fras1,Fam73a,Nars,Elmsan1,Dlc1,Il1rapl1,Mcl1,Cyfip1,Nr1d2,Lsamp,Zmynd11,Ice2,Tbl2,Npnt,Clcn4-2,Sox4,Vcan,Reep1,Tgfbr3,Dmd,Slc23a2,Katnbl1,Sgpp1,Plekha1,Map3k1,Mbd2,Plekha3,Ergic1,R3hdm2,Cbx1,Socs6,Pptc7,2610301B20Rik,Zfp874b,Dcx,Tbc1d2b,Slc25a3,Rnf141,Gnptab,Rnf214,Cxadr,Slc2a3,Prnp,Slc18a2,Neto1,Golph3,Zfp276,Znrf2,Lrrc58,Tmx4,Agap1,Ppp6r3,Syt2,Ppp3cb,Tmem248,Prkaa1,Zfp532,Cdc14b,Mef2a,Pum2,Cdh12,Cadm3,Shroom2,Tmeff2,Son,Yes1,Jakmip2,Ndufs4,Gas2l3,Fubp1,Tax1bp1,Zfp365,Arfip1,Appl1,Luc7l,Cep170,Cdkn1b,Nfia,Smad5,Pcdhb17,B3galt5,Aff1,Hnrnpa0,Abcg1,Pard6g,Itfg1,Tapt1,Strn,Vbp1,Srsf11,Sdccag3,Map3k7,Med20,Ccny,Tardbp,Rnf44,Unk,Rpgrip1l,Dbndd2,Zcchc24,Phf14,Prr14l,Anks1b,Sdc3,Kl,Gria2,9430020K01Rik,Olfm3,Nrk,Med28,Tanc2,Sos1,Cdan1,Myo9a,Pak2,Mga,Kcnj3,Mapk1,Fbxo38,Acap2,Lmtk2,Got1,Cntnap2,Memo1,Nsg2,Gpr123,Ago1,Dlg2,Suz12,Stt3a,Arhgef9,Myt1,Agrn,Wdr37,Kif5c,Atp6ap2,Fzd9,Skil,Has3,Ptprr,Dock9,Cldn25,Nrep,Fbxl3,Pikfyve,Dgkd,Qk,Met,Ubn1,Frmpd4,Serinc3,Kctd1,Morn4,Wnt11,Cep120,Grhl1,Pbx3,Arid4b,Synj1,Tmc8,Prkar1a,Psd3,Nudt4,Mast2,Itsn1,Nmrk2,Myh10,Esyt2,Oxsr1,Hrk
mmu-miR-450a-5p,Dusp10,Pmepa1,Cep97
mmu-miR-540-3p,Gm14325,Lars2,Gm14326,5430427O19Rik,Gm14434,0610010B08Rik,Six4,Luzp2,Tjp3,Ccnd2,Gm14430
mmu-miR-129-5p,Ube2c,Camkk2,Car8,Oacyl,Bace1,Ocrl,Dusp8,Slc16a6,Zic4,Col8a1,Vdr,Klk9,Hoxb1,Dip2c,Cox10,Nid1,Zfp120,Epb41l5,Diexf,Mak,Gm13611,Grb14,Sgms1,Fam126b,Agl,Tectb,Itga9,Enpp3,Adrb1,Ncbp3,Cp,Egfr,Hif1a,Auts2,Phactr3,Bicd1,Clcn3,Btg1,Brd7,Slamf1,Itpr2,BC003331,Med13,Npm3,Pcnp,Il11,Nr3c1,Chd5,Smarcc1,Nav1,Nr2c1,Prkd3,Zfp568,G3bp2,Pdzd2,Mkrn2os,5730455P16Rik,Lmna,Ssbp3,Glul,Tspyl5,Uhrf1bp1l,Daxx,Zfp641,B3galt1,Nrxn1,Afg3l1,Pld5,Cdk13,Chic1,Ammecr1l,Ikzf1,Zfp871,Slf2,Casz1,Nsd2,Parp3,Fkbp6,Mob3c,Csnk1g1,Esp6,Zzz3,BC003965,Cdadc1,Iqsec2,Fyn,Map1a,Ifitm10,Mettl2,Chst1,Ubxn2b,Runx1t1,Wdr81,Zfp263,Gbf1,Atxn3,Veph1,Lpin1,Tnpo3,Usp2,Brd4,Cd3eap,Rspry1,Klhl31,Prokr2,Ncor1,Dapk1,Zadh2,Gdf3,Znrf1,Fam160b1,Slc7a12,Jakmip1,Angel2,Kif1c,Opcml,Plet1,Rbm47,Kremen2,Bcl11b,Lphn3,Dlgap4,Rfx3,Amer2,Obscn,Rad18,Cyfip2,Gm15455,Mgll,Gabra1,Trove2,Smyd4,Dst,Runx2,Mb21d1,Zfp26,Cytip,Cbx6,Ybey,Kcnj15,Ccdc32,Pds5b,Gabpb2,Smarca4,Slc17a8,Lpp,Bmp2,Ndor1,Ncoa1,Unc13a,Soga3,Dtna,Arid3a,Cep97,Atxn1,E2f2,Lig4,Ptges3,Pou2f1,Zyg11b,Pacsin1,Zfp935,Mtf2,Irak1,Myh14,Arpc4,Nanos1,Tgoln1,Tnfaip1,Nyap2,Slc7a10,D16Ertd472e,4930430F08Rik,Fam172a,Ing5,Mau2,Tm9sf4,Gad2,Nuak2,Hecw1,Magt1,Hjurp,Pknox1,Foxp1,Nos3,Tmppe,Lfng,Fnip1,Slc1a3,Fbxl18,Pphln1,Peg3,Cpeb3,Agtrap,Foxq1,Kif21a,4931406P16Rik,Ybx1,Kdm5a,Tmem50a,Cflar,Ccnd1,Krt24,Srrm1,Lrrc75b,Mrpl17,Prf1,Cpox,Trabd2b,Tpp1,Hyal1,Nras,Itgb4,Fam161b,Lpl,Sp3,Dmbt1,Lsm11,Celf2,Efna5,Mmp11,Csf1,Amer1,Ccdc167,Gpx5,Xpo7,Rhoj,Cadm2,Zfp280d,Asph,Sco1,Ccdc71,Gprc5c,Kat6b,Zfp329,Mthfd2,Hoxb3,Naaa,Col27a1,Cfap53,Pou2f2,Tirap,Rragb,Pak6,Lrrc8e,Camta1,Tfb2m,Ppih,Borcs7,Trio,Pms2,Tmod1,Itgb6,Slco3a1,Tpm3,Zfhx3,Dusp10,Bean1,Arid1a,Rpf2,Herc2,Peak1,Ncl,Kif11,Kdsr,Vcan,Edaradd,Timm17b,Lsm12,Ube2k,Mrpl19,Map3k1,Isg15,Cybb,Apba2,Dpy19l1,Cnih4,Kcnma1,Dcx,Epg5,Tnrc6a,D630003M21Rik,Fndc3b,Zfp131,Tmpo,Homer1,Ppara,Lrrc4c,Cspg4,Pmepa1,Lrrc58,Pgm2l1,Rell1,Spc24,Ankib1,Atg10,Hars,Bet1l,Cdc14b,Cdh12,Pum2,Hoxc10,Ern2,Limd1,Prdm16,Yipf5,Stxbp5,Lama2,Sel1l,Trim39,Dph6,4930402H24Rik,Rnf11,Ptprj,Sorcs3,Hs6st2,1810041L15Rik,Ahctf1,Cdh4,Hao1,Col4a1,Gnaz,Dlg5,Ptchd4,Mindy2,Triml1,Acod1,Zfp933,A830018L16Rik,Dbndd2,Bach2,Sstr1,Ildr2,Hcn1,Mob4,Pik3c2a,P4ha1,Crebrf,Rnf170,Kdm7a,Nfic,Gjd4,Jdp2,Slc23a1,Cdyl2,Spen,Stx3,Ctdspl2,Jkamp,Kcnc3,Glrx2,Med16,Arhgef9,Tmcc3,Stx8,Fsd1l,Asxl2,Clpb,Ms4a6b,Tcf23,Pdik1l,Dock9,Acot2,Zmat3,Rnf152,Apbb2,Plekhm3,Osbp,Zmat1,Dcaf6,Arl16,Pax2,Ctbp2,Synj1,Rprd1b,Zbtb21,Cr2,Otud7b,Ahdc1
mmu-miR-465a-3p,St6gal1,Foxk2,Gpr157,Foxl2,Eif5a,Dcbld2,Fam78b
mmu-miR-345-5p,Chrm1,Ptprj,Trim65,Nt5dc3,Dab2ip,Atic,Agpat5,Dennd5b,Kmt2d,Trmt61a,Stx17,Cox10,Cacna1a,Chd2,Crocc,Wdr81,Rdh13,Tgfbr1,Eaf1,Lsm12,Zmiz1,Ccdc127,Avl9,Notch2,Kif5b,Caprin1,4933427D06Rik,Mapk8ip3,Ahdc1,Zfp113,Smarca4,Dnah7b
mmu-miR-687,Opa3,Pten,Ptdss1,Lap3,Nufip2,Atp2b2,Chek2,Cytip,Crtc3,Sfxn2,Bmp2,Gli3,Hbp1,Ddx19b,Eid1,Gypa
mmu-miR-450b-5p,BC003965,Sel1l,Peg3,Slc7a10,Stk10,Celf2,Mllt1,Fam227a,Runx1,Dhdh,Gm15455,Btnl9,Tfb2m,Aff1,Ubxn2b,Mdc1,Zmat1,Prrg1,Dst,Cdh4,Cdyl2,Ammecr1l,Spen,Vcan,Cbx6,Pgm2l1,Ctdspl2,Ube2k,Rell1,Zbtb21,Hjurp,Npm3,Sgms1,Hoxc10,Ern2,Pax9,Cabp5,Akap10,Nos3,Ralgps2,Irak1,Bach2,Enox2,Ildr2
mmu-miR-683,Dmbx1,Zfp951,Rragd,Hipk3,Sap18,Cpox,Klhl21,Cpm,Elavl3,Slc5a3,Mtf2,1700025G04Rik,Vmp1,Rbm39,Mrps14,Adcy1,Prrc1,Hrk
mmu-miR-337-3p,Rai1,Tnxb,Lactb2,Zfp704,Zc3h4,Sort1,Sdk1,Slc7a14,Fgf5,Bace1,Itga4,Pde6h,Obscn,Cass4,Igsf9,Cep192,Dennd5b,Arhgap32,Nfatc2,Scfd2,Kmt2d,Psmd9,Neb,Myh9,Mprip,Cnga3,Ttc38,Rad51d,Atp10b,Phlpp2,Txnl4a,Impg2,Lsm6,Crb2,Mcmdc2,Ankrd33b,Rnf169,Lhx5,Fam210a,Myo6,Fam83e,Nepro,Nudt18,Cntrl,Intu,Klf9,Utp23
mmu-miR-876-3p,Chrna2,Armc2,Slc1a7,Fam161b,D630023F18Rik,Mllt11,Padi2,Ly6g6d,Il18r1,Tmem69,Plekha2,Ccsap,Sorcs1,Thap1,Xpo7,4931428F04Rik,Vldlr,Pla2r1
mmu-miR-342-3p,Ets1,Cry2,Zfp839,Atm,Tfcp2l1,Trp53i11,Prrg4,Dapk1,Vav1,Atxn7,Ubtf,Xpnpep3,Prr5,Kcna4,Pck1,Igfbp3,Kdm4a,Rmi2,Sema6d,Zfp689,Palm2,Ctif,Ly6g6d,Myh1,Ephx3,Slc7a11,Cpne3,Ehmt1,Cd3d,Myo15,Mef2a,Clec7a,Fam53c,Tmem201,Coa5,Itgam,Selenot,Ifit3b,Spock2,Ttc14,Fubp1,Creb5,Pacs2,Plekhg1,F11r,Prdm2,Pttg1,Mtus1,Slk,Arhgap23,Gid4,Iqsec3,Wdr59,Aff1,Bbc3,Cadm2,Ppp1r26,Nrxn2,Hook3,Midn,Pak4,Sema3e,Zfp663,E2f1,Acvr1b,Tmem8b,Nceh1,Spryd3,Wdcp,Trak1,Dcp2,Nlgn3,Tmod2,Cbln3,Agpat4,Rp1l1,Mbtps2,Tirap,Bsn,Mmab,Arf3,Akirin1,Atg16l1,Ociad2,Ino80d,Tln2,Cisd2,Arhgap32,Usp45,Lman2,Pax3,Rapgef3,Zdhhc7,Trmt10a,Acot11,Dzank1,Prrg3,Lrp8,Arhgef9,Fam160b2,Frmd3,Plcl1,Agrn,Scamp1,Tnxb,Lcorl,Slc43a2,Sfn,Zdhhc24,D16Ertd472e,Kif26b,Zbtb7a,D630045J12Rik,Sept11,Arnt,Arhgef15,Ccdc25,Atl2,Ifit3,Mrpl35,Fyco1,Nfatc4,Gad2,Pus7,Wdr43,Tcte1,Pgbd1,Gpd1l,Myo6,Supt6,Fbxl17
mmu-miR-675-5p,Ky,Dnase1l3
mmu-miR-337-5p,Ebf1,Phc3,Pde6h,Spef1,Suclg2,Bri3bp,Dock10,Braf,Cacna1s,Unc13c,Aasdh,Gad2,Trim24,Otogl,Zfyve16,Hdgfrp3,Myo18a,Slc38a1,Furin,Tsc2,Slc4a3,Scn11a
mmu-miR-345-3p,Soga1,Slit2,Myo7a,Vps26b,Cds2,Map1a,Ermn,Cbx5,Rb1cc1,Magee2,Gpr158,Fnbp1,Abcd3,Slamf8,Traf6,Slk,Braf,Cwc25,Atp8b1,Cdk5rap2,Afg3l1,Gpr165,Wdr81,Tbl2,Nwd1,Ldlr,Adat1,Impg2,Herc1,Cdk5r1,Rcan2,Col14a1,Myo18a,Snx19,Emc7,Vps13c,Abca7,Ildr2
mmu-miR-675-3p,Rab9b,Prr11,Myo1e,Wnt7a,Flrt1,Sema5b,Tmco1,Vdr,Il18r1,Fam214b,Slc15a5,Lrrc40,Slamf1,Zc3h12a,Ccdc127,Nsd2,Sema5a,P4ha3,Ell2,Zfp46,Pstpip2,Slc6a6
mmu-miR-654-3p,Bcl2l11,Gfra2,Slc16a1,Utp6,Sike1,Kcnip3,Dpy19l1,Lactb2,Tmprss3,Fzd7,Mfsd7b,Tnrc6c,Crebzf,Cxcr4
mmu-miR-465b-5p,Tirap,Setd7,Tfap2b,Gm11559,Cdc37,Nkain3,Thrb,4930563E22Rik,Ybx1,Map3k1,Arl4a,Tbc1d24,Ybey,Gid4,Dapk1,Veph1,Hltf,Ppp1r1c,Sim1,4930430F08Rik
mmu-miR-878-5p,Bcl2l11,Pik3r3,Prokr2,Itih5,Rgs8,Npy1r,Chrnb4
mmu-miR-125b-5p,Zfp385a,Lars2,Madd,Foxk1,Vps4b,Bmf,Bod1l,Igf2,Arid3b,Cbfb,Ajuba,Snai1,RYBP,Ddx19b,Gm14137,Preb,Jund,Itpr3,Klf13,Evi5,Mgat4a,Arhgap32,Antxr2,Aph1c,Tnf,Entpd4,Atg2b,Il1rn,Cnr1,Scn5a,Iqsec3,Unc13c,Fam53a,Snrnp40,Frmpd4,Dqx1,Ahctf1,Impad1,Prkra,Ppp1ca,Crocc,Rc3h1,Gpr107,Jmy,Stat1,Rabl6,Rhebl1,Arid3a,Stat3,Jun,Suv39h1,Hif1an,Map2k7,Abtb1,Apln,Lin28a,Wdr25,Trim71,Smo,Bak1,Ankib1,Zfp831,Thsd7a,Tbc1d9,Dus1l,Mtf1,Pou2f1,Tor2a,Ppt2,4632428N05Rik,AU022252,Tspan12
mmu-miR-324-3p,Bptf,Canx,Gpam,Lipa,Gpc1,Syp,Bag4,Gpatch8,Jam2,Rc3h2,Nudcd3,Mapk14,Mms19,Zfp148,Wasf2,Cog7,Acot7,Ncan,Bmpr1a,Tsc1,Mtch1,Zfp592,Ccdc50,Pacs2,Gigyf2,Ankrd12,Ttyh3,Snn,Fem1b,Mettl16,Utrn,Ywhab,Rela,Ccnjl,Mtmr6,Gtf2i,Cln8,Sema5a,Acvr1b,Lrp3,Ankrd33b,Pygb,Anxa5,Zfp106,Prkdc,Tmod2,Gnb1,Mmp24,Zfp652,Ulk1,Dnah7b,Ap2b1,Sdc2,G3bp2,Pdzd2,Mdn1,Crat,Dag1,Csrnp2,Lrrc4,Tpmt,L1cam,Adam10,Smad3,Rbm39,Mbip,Trps1,Cplx1,Ccdc127,Ppp3r1,Ppp6c,Ctnnb1,Zeb2,Zzz3,March6,Prkcb,Iqsec2,Ap2a2,Reep5,Wnk1,Atrn,Gfap,March8,Fam19a5,Slc31a1,Cpeb2,Syt1,Ccdc25,Gda,Rabgap1l,Lnpep,Hpcal4,H2-D1,Crocc,Tenm4,Garnl3,Slc4a8,Fbxw7,Heg1,Ywhag,Snhg11,Ept1,Rgl1,Zfp414,Patl1,Scn4b,Tln1,Fndc5,4931428F04Rik,Nfib,Ncam1,Map2k1,Abl2,Stx17,Tgfbr2,Usp9x,Etv3,Zfp516,Faf2,Slc22a23,Rap2c,Nfxl1,Tacc1,Hdac6,Klhl23,Tmem106b,Ank2,Gabra1,Vezt,Mecp2,Abl1,Papd7,Whsc1l1,Maml1,Dvl2,Myh3,Pip4k2b,Smad4,Epb4.1l2,Pds5b,Smarca4,Stx16,Galnt7,Osbpl9,Fam195b,Klhdc10,Impad1,Ryk,Itm2c,Myo18a,Padi2,Intu,Dnajc5,Kif1b,Ocln,2700081O15Rik,Zeb1,Rab6b,Antxr1,Smg7,Rogdi,Tm9sf4,Unc13c,Slc24a2,Baz2a,Rab6a,Ash1l,Ppig,Dpysl2,Tmem131,Tmem109,Zmym4,Zfp275,Shc4,Rhov,Narg2,Ankrd28,Nr2c2,Lfng,Ankrd46,Fbxl18,Ric3,Ppapdc1b,Lmbrd1,Bola2,Dgcr2,Igf1r,Usp46,Igbp1,Cnksr3,Dkk3,Fam104a,Pan3,Arhgdia,Hyal1,4933426M11Rik,Adcyap1r1,Slc35d1,Tcf4,Ngfrap1,Zfp113,Hadha,Gatsl2,Slc25a46,Pik3ca,Gnao1,Ralgapb,Cbx5,Cbfb,Scn3b,Chd4,Rit1,Il1r1,Cd200,Enpp4,Kmt2a,C230081A13Rik,Pim3,Klhl32,Pcmtd2,Ednra,Riok3,Rabl3,Arl6ip5,Rab5b,Ntrk2,Nuak1,Klf9,Slc6a6,Srrm4,Bod1l,Caln1,Cfl2,Ablim1,Gja1,Zfp521,Tfb2m,Atp8b1,Fam53a,Ankrd52,Lin7c,Spred2,Gprin3,Drd2,Nedd4,Acss1,Tor1aip2,Nrsn1,Gfod1,Nck1,Scamp1,Kif26b,Mdp1,Sytl2,Mid2,Fam73a,Aim1,Eps15,Hs3st5,Rsbn1l,Lsamp,Ttpal,Tmem135,Wdr85,Slc12a2,Clcn4-2,Reep1,Pfkfb2,Jazf1,Ttc3,Mkrn2,Pex19,Katnbl1,Zkscan8,Rap1gap,Zmat4,Pip4k2c,Adcy5,Gspt2,Nme1,Slc17a6,Cav2,Fbxo18,Wwtr1,Kitl,Pptc7,Slc12a7,Cnot6,Vat1,Prrt1,Gnptab,Stag1,Smchd1,Lrrc58,Tmx4,Syncrip,Arpp21,Snx30,Eif1a,Cadm3,Rassf4,Frs2,Cdc27,Rab3c,Akap9,Col12a1,Dmtf1,Pcnx,Gpm6b,Nlgn2,Nup50,Alkbh5,Pard6g,Rock2,Frmd5,Fam171b,Rnf44,Chrna4,Osbpl8,Clock,Tpra1,Lix1,Hook1,Gria2,Ugt8a,Tanc2,Sfmbt1,Helz2,Gabrb2,Mapk6,Nos1,Astn1,Dos,Usp7,2810407C02Rik,Ralgds,Laptm4a,Mtmr4,Zfyve26,Stx8,Myt1,Lpgat1,Agrn,Asxl2,Kif5c,Cacna2d3,Macf1,Slc43a2,Skil,Ppm1f,Ppp1r1a,Psmb11,Cldn25,Tnc,Cpm,Evl,Nploc4,Rmnd5a,Dip2b,Fam135a,Syt11,Psd3,Clip1,Zmiz1,Zzef1,Gga3,Usp6nl,Nmb,Cd99l2,Atp6v1b2,Myo6,Lrrc57,Esyt2,Oxsr1
mmu-miR-666-5p,Zeb2
mmu-miR-142-3p,Lrba,Kif5a,Macf1,Muc5ac,4930402H24Rik,Sort1,Slc4a4,Gna13,Lig3,Arid1a,Fn1,Neb,1110037F02Rik,Lama5,Fut9,Ltn1,Mical2,Rbbp6,Neurl1b,Pappa,Kif21b
mmu-miR-680,Cd59a,Cldn19,Rnase4,Vcan,Ctnnb1,Hist2h3c1,Slc17a5
mmu-miR-292-3p,Dnah9,Tnxb,Itga9,Celf2,Ncam1,Clca1,Psd4,Cbfa2t2,Cblb,Nrf1,Atg2b,Pten,Utrn,Tenm4,Kpna1,Sema6c,Avl9,Sec22c,Ago3,Thsd7a,Kat6b,Rnf150
mmu-miR-876-5p,Gnl3l,Aco1,Gal3st3,Cyb5d2,Bpnt1,Ajuba,Car8,Man2a2,Slc28a3,Gls,Znrf1,Fndc3b,Ercc6,Homer1,Rmi2,Tapbp,Abcc9,Itih5,Pnpla3,Cracr2b,C5ar2,Tspan31,Helb,Exoc8,Neu3,Gje1,Aqp7,Fam198b,Smtnl2,Smco1,Fnip2,Gpr68,Svopl,2810006K23Rik,Agl,Ptprg,Ddhd2,Sema4b,Efr3b,4930519G04Rik,2010315B03Rik,Tubb5,Commd8,Car5b,Knop1,Gpx5,Xpo7,Slc25a51,Ccr9,Mmachc,Tbl1xr1,Gpr157,Mzt1,Glt8d1,Strbp,Rbms2,Slc35e2,Sgms2,Rbm34,Osbpl8,Bach2,Cbln3,Soga1,Tox4,Fam219b,Rbm4,Zfp422,Git2,Cts8,Trub1,Nfic,Paxip1,Cbfa2t2,Mkl2,Spib,Ppih,Ttc26,Slc23a1,Ooep,Mcc,Kif24,Il17rd,Cdnf,Fbxo30,Pfas,Zfhx3,Senp5,Plin3,Fam208a,Pde4c,Rab11b,Dync1li1,Slc3a2,Prkcb,Hnrnpab,B2m,Polr1b,Fadd,Zmat3,Pctp,Mrpl35,Isg20l2,Luc7l2,Mcm5,Ufd1,Polr3gl,Slc2a4,Ostf1,Rps3,Hecw1,Zfp459,Gngt1,Nmrk2,Pdxk,Tle2,Med18,Fbxo43,Dynll1,Irgm2,Rbak
mmu-miR-380-3p,Anapc16,Fkbp9,Creb1,Tnfaip1,Lcorl,Acat1,Idi2,Tspan13,Exosc1,Sema6a,Notch1,Zbtb42,Rabepk,Ifngr2,Crx,Snx16,Adgra1,Exoc8,Zfp780b,2310030G06Rik,Serinc1,Mob3c,Dcp2,AW549877,Ints6
mmu-miR-875-3p,Wtap,Ret,Tube1,Slc15a2,Lars2,Bnc2,Wnk1,Mboat1,4931406B18Rik,Tet2,Gpr82,Zfyve27,Dennd4a,Dnajc1,Zfp882,Atp2b1,Olig3,Gng12,Spry4,Celsr2,Serpine1,Arl16,Ttpa,Fam114a1,Cep68,Nat8l,Tbx4,Inpp5d,Commd7,Rbm47,Cd63,Strbp,Wdr25,Zkscan8,Ppp4r2,Ptchd4,Tmem101,Cdh12,Zfhx3,Sspn,Tmod2,Gmip,Nab1
mmu-miR-297b-5p,Rorb,Atm,Slc35b4,B3gnt2,Ncam1,Dscam,4931406P16Rik,Vdr,Ccpg1,Alkbh1,Lrrc40,Cacna1g,Aplnr,Abcc9,Ehbp1l1,Etv3,Snap25,Clec2h,Zfp729a,Cpne3,Ski,Zfp92,Mylk4,Gnaq,Vps37a,Cdh12,Casp8,Rfx3,Gpatch11,Camk1d,Pcdh17,Neu1,Dnaaf5,Rab3c,Xiap,Tmco1,Depdc5,Tmem26,Nrf1,Mfap3l,Smad5,Fam214b,Txlnb,Ccl28,Slc15a5,Gatc,Htr1f,Nbeal1,Eif2s1,Mprip,Ptprk,Gcnt4,Slamf1,Kcnip3,Tbc1d24,Mllt3,Gm5464,Tsc22d3,Cnih3,Egfl6,Cd28,Gabpb2,Cpne9,Pstpip2,Slc6a6,Rab9b,Unc5d,Sike1,Fryl,Nxpe3,Htr3b,Lin7a,St18,Uhrf1bp1l,Lrrn4cl,Asb7,Slc1a2,Nrxn1,Grik4,Fbrs,Gabrb2,Sept3,Iglon5,Cox15,Gnb4,Il21,Ccdc127,Nsd2,Gfod1,Fam49a,Brat1,Zbtb39,Eno2,Vps33b,Rgs8,Zeb2,Ubn2,BC003965,Lcorl,Prr11,Ttn,Pcdh19,Dnm3,Slc5a8,Six4,Ddx6,D630045J12Rik,Tnfsf15,Nsd3,Il18r1,Has2,Sema6a,Ubxn2b,Xrcc3,Slc24a2,Slc12a2,Nwd1,Zc3h12a,Hecw1,Fblim1,Ceacam20,Acmsd,Slc22a8,Rpusd2,Zc3h7b,Ell2,Akap2
mmu-miR-542-5p,Trpc7,Triml1
mmu-miR-126-3p,Mpzl1,Ms4a1,Slc6a20b,Crnkl1,Pml,Pcdh19,Egln1,Bod1l,Phf8,Ddx42,Entpd7,Otoa,1810041L15Rik,Aatk,Elp4,Lrig3,Ece1
mmu-miR-582-5p,Pycr1,Ermap,Atrn,Tnfrsf9,Dmrta2,Fam172a,Slc11a2,Mbd4,Xpo7,Sertad2,Kcnc2,Ccdc88a,Bbs1,Clca3a2,Akirin2,Rock2,Nkx2-3,Ehmt1,Sgpp1,Spryd3,Camsap2,Tns3,Champ1
mmu-miR-188-5p,Ebf1,Cmah,Lars2,Abca2,Gucy2f,Olfr658,Htr3b,Elovl1,Pde6h,Trim43b,Gramd1c,Vangl2,Cecr6,Fam46d,Tnc,Smg1,Mgat4a,Senp1,Slc8a1,Arhgap32,Pik3r1,Irs4,Mtor,Prkce,Ufd1,Ncoa2,Tmprss15,Itih5,Gbf1,Baz2b,Rhag,Rc3h2,Tgfbr1,Ubp1,Sptbn2,Il21,Nsd2,Jarid2,Mrpl41,Akr1c14,Myh10,Fnip2,2900026A02Rik,Col27a1,Lamc1,Tspan12
mmu-miR-142-5p,Adam7,Map3k15,Ms4a2,Tmem263,Usp5,Macf1,Rps6ka6,Phb,Adat1,Olfr380,Dgke,Ankrd50,Cacna2d1,Clmn,Kif26a,Hyal6
mmu-miR-331-5p,Nkain3,Ryr3,Zbtb7a,Mllt1,Kcnk6,Lyst,Ddx19b,Egfr,Col4a6,Ttll7,Wdr52,Oxsm,Dclk1,Tm9sf3,Unc80,1110037F02Rik,Hectd1,Scn10a,Crocc,Eif2s1,Adtrp,Nwd1,Zfp871,Ybey,Tbc1d1,Myo16,Herc1,Cln8,Flg2,Megf9,Pi4ka,Nav2,Pcdh20,Cd28,Pum2,Pag1,Tcf20,Med1
mmu-miR-743b-3p,St6gal1,Tbc1d2b,Eda2r,Syp,Nxph1,Hlcs,Tmtc3,Anapc11,Zswim6,Klra2,Galnt10,Itih5,Gm14326,Rad51d,Lrrc4c,Arid2,Ankrd16,Tmem241,Dusp18,Sfxn4,Pgp,Epha7,Zpbp,Fign,Top2a,Lrig1,Frem2,Dph6,Celf2,Npas3,Phf3,Rasa2,Tsn,Gm5460,Cpd,Cxcl3,Serpina1a,Trim25,Grm2,Yae1d1,Gm10318,Rc3h1,Nmnat3,Galnt4,Cetn3,Sema4d,Epb41l4a,Cttnbp2nl,Cd28,Foxn3,Kcnv1,Bach2,Tmlhe,Lix1,Srrm4,Plxna4,Dek,Dcun1d1,Tspan13,Gna14,Scn3a,Ppm1k,Tmem41b,Astn2,Cemip,Peg10,Zfp931,Scaf11,Sumf1,Cntn2,Zfhx3,Pappa,Slc35d2,Sec24a,Lin28b,Cd8a,Fosl2,Krit1,Slc5a3,Phox2b,Ppm1f,Pm20d2,0610030E20Rik,Nr1d2,Asprv1,Elovl5,Rab6a,Dusp11,Magt1,Opa3,Akna,Zfp709,Grm1,Dstyk,Sgk3,Serinc1,Snx27,Sv2b,Aptx,Dglucy,Iws1
mmu-miR-384-5p,Mgea5,Strip1,Dpy19l1,Lpar3,Wdr89,Six4,Wdr44,Cep170b,Tomm70a,Ing1,Fam227a,Csf1,Zfp711,Amer1,Camk4,Ints12,Il18r1,Zfp9,Serpine1,Ice2,Cdk13,Pgr,Nfatc3,Mesd,Ptrhd1,Trp53rkb,Tbc1d5,Zfp446,Slc16a1,Eno2,Tnrc6b,Hoxb3,Pigh,Reep4,Cd300a,Rrad,Gskip
mmu-miR-509-5p,Man1b1,Mpv17,Mrpl11,Pdzd8,Slc25a34,Tapbpl,Wdr89,Hist2h3c1,Ttc9c,Ogdh,Chrnb4,Cxcr2,Bri3bp,Plxnc1,Cyp2e1,Pramef8,Tmem69,Mrpl9,S100pbp,Abcb7,Cflar,Klhl7,Bbs1,Exosc2,Nip7,Slc7a2,Bcas2,Rs1,H2-T23,Zfp459,Dusp26,Lcmt2,Rab33b,Sap18,Mylk2,Washc4,Churc1,Trim44,Irak1,Brip1,Arpc4,Ttf1
mmu-miR-202-5p,Fkbp9,Irgq,Slc17a8,Wipi2,5830411N06Rik,Macf1,Bod1l,Abca4,Mxd4,Tmbim1,Onecut2,Arl2bp,Rph3al,Moap1,Arhgap32,Slk,Tra2a,Prex2,Mbnl3,Grem2,Fbxl16,Impg2,Cyp20a1,Gon7,Otud7b,Dlgap1,Sox9,Tspan11
mmu-miR-453,Vwa7,Mfsd2b,Loxl2,Rab11fip1,Moap1,Gla,Stxbp2,Gm10778,Wdr34,Foxr1,Pnpla3,Tceal8,Zfp935,Pbld1,Oip5,Mrpl43,Prc1,Polr2l,Cxcr2,Scml4
mmu-miR-883a-3p,Epb41,Adarb2,Tes,Ccdc148,S1pr5,Gab1,Phactr2,Pnoc,Tsn,Rnf139,Zscan12,Lbh,Rab11fip1,Tubal3,Kcnk3,Abcc9,Tbl1xr1,Zfp949,Nif3l1,Ggps1,Zbtb41,Rbm39,Spc24,Trp53rkb,Rasgrp3,Rps6kb1,Medag,Rad52,Irgm1
mmu-miR-369-5p,Ifi203
mmu-miR-151-3p,Vps26b,Espl1,Bod1l,Mup12,Stox2,Mup17,Unc13a,Arid1a,Ttll7,Itpr3,Kmt2d,Dip2c,Atp8b1,Mup10,Rmi2,Mup15,Zfp451,Nup210,Mup11,Unc5b,Lrrc4c,Hook3,Myo16,Herc1,Mup14,Flg2,Kif5b,Kcnq5,Mup19,Clns1a,Clcn5,Dcp2,Gtf3c1,Rnf150
mmu-miR-501-3p,Wtap,Cps1,Bcl2l11,Ube2v2,Mtx3,Sin3a,Cmtm7,Impad1,Fam214b,Txlnb,Midn,Aak1,Slc39a14,Tmc7,Rdh1,Rccd1
mmu-miR-384-3p,Tceal8,Pbld1,Hoxb9,Tacc2,Gm14137,Tspan13,Lhfpl4,Atp2b1,Moap1,Cyld,Atp2a2,Myo1c,Fbxo32,Hk2,Nol3,Plet1,Nxpe2,Syt13,Crkl,Hdac3,Gpi1,Gon7,Dlgap1,Bach2,Mbtps2
mmu-miR-434-5p,Rtl1
mmu-miR-369-3p,Sumf2,Tet2,Spam1,Ptprr,Ceacam1,Ppp6r1,Mex3a,March5,St3gal2,Zfp84,Pou4f2,Tmem206,Hoxa11,Ap3m1,Trim2,Sec23ip,Ttll7,Nadsyn1,Lcn5,Sec61b,Jmjd4,Mgat3,Lrrtm2,Atp2b2,Plxnc1,Rassf5,Pde4dip,Car5b,Syp,Tcf21,Dimt1,Fzd5,Xpo7,T2,Osbp,Rpp14,Pten,Zer1,Gfra2,Wnt11,Elovl5,Lrrc71,Nkx2-2,Tmem161b,Zfp1,Hao1,Tbx4,Tead3,Zfp248,Ccdc169,Nck2,Actr10,Gmeb1,Prrx1,Map2,Ikzf5,Hexim1,Man1a2,Gpc6,Foxn3,Sfxn4,Plaur,Pkib,Slc35d2,A130010J15Rik,Hist1h1d,Csmd1,Npr3,Zfp113,Wnt3,Cradd,Zfp322a,Ints6
mmu-miR-188-3p,ATG7,Col5a3,Ttn,Hivep2,Bod1l,Cds2,Btrc,Bdp1,Oxct1,Grasp,Arhgef17,Haus2,Zfp971,Gda,Nfatc2,Mnat1,Scn2a1,Srcin1,Bcorl1,Fzd5,Ankrd52,Nfkbia,Usp9x,Rnf185,Mnt,Smchd1,Cemip,Kbtbd11,Rdh13,Wdr25,Sema3e,Trim71,Ankib1,Smg6,Med13l,Tbc1d9,Mob3c,Tshz3,Otud7b,Zfp970,Rp1l1,Tsc1
mmu-miR-686,Terf2ip,Tmem234,Amy2a4,Tfcp2l1,Rxfp3,Mbnl1,Slc22a15,Lmna,5730455P16Rik,Slc7a14,Tbx2,Arhgef2,Rdh10,Raph1,Apbb2,Zfp641,Atp2b1,Amy2a2,Rbbp4,B3galt1,Nfatc4,Rsph4a,Ubxn2b,Gabrb2,Tenm2,Ammecr1l,Prf1,1810030O07Rik,Nol11,Amy2a3,Ctdspl2,Kcnc3,Mfap1a,Ceacam20,Cln8,Spag7,Lig4,Cyth1,Map3k1,Ahdc1,Intu,Utp23
mmu-miR-362-3p,Capza1,Slc8a2,Frat2,N6amt1,B3gnt2,Atxn7,Insig2,Mylk,Synpo2l,Pde4dip,Atp6ap1,Ccpg1,Arhgap12,Fat3,Rap2b,Ctif,Als2cl,Mtfmt,Ermp1,Synj2bp,Csrnp3,Pofut1,Plag1,Nudcd3,Nphs1,Trim71,Cyb5r1,Spag7,Slx1b,Dusp18,Bcl2l15,Sgms1,Grb2,Fam53c,Clec7a,Trappc9,Slc11a1,Gpi1,Trim44,Igf1,Fndc1,Rnf157,Prpf18,Cdc37,Dnajb1,Ncbp3,Acsm2,Fgf5,Irak4,Syt12,Vangl2,Tmem26,Lzts3,Haus2,Rufy2,Trim25,Pnma2,Il17ra,Rwdd4a,Ehhadh,Grik3,Zscan4c,Zfp963,Oas1e,Klhl13,Ptprk,Msx2,Gcnt4,Irf9,Ccdc169,Kcnj5,Ggcx,Acvr1b,Mtx3,Tnfrsf10b,Zfp446,Foxn3,Zfp970,Zgrf1,Stx1b,Tnfrsf11a,Soga1,Plau,1700028K03Rik,Cfap65,Dhx37,Uhrf1bp1l,Dennd4a,Rbm48,Zfp882,Lonrf1,Parn,Ppm1k,Rpp14,Podxl,Chic1,Hk2,Hif1an,Mtfr2,Zfp871,Adamts4,Dnajb6,Skint7,Prrg3,Edem3,D630023F18Rik,Casc4,Zbtb7b,Pappa,Nrp2,Pias1,Ubn2,Frmd3,Plcl1,Zfp408,Zc3hav1l,Arl8a,Egln2,Six4,Phox2b,Nom1,Cavin3,Nsd3,Arhgef15,Zfp462,Wfs1,Cops7b,Armc2,Fndc8,Arfrp1,Evi2b,Slamf7,Tns1,Eif4e2,Kcnc1,Ubac1,Fbxl17,Stxbp6,Gm13889,Dnajb4,Bbip1,Rgl1,Klhl31,Ets1,Cry2,Tcf12,Sin3a,Prrg4,Cep170b,Tlr6,Rsf1,Pou3f3,Trim12c,Naa15,Mcph1,St6galnac5,Pck1,Csnk1e,Stx17,Mcam,Ehbp1l1,Cct7,Usf2,Smad2,Zfp516,Ptp4a2,Mrap2,Rad51d,Plekha2,Slc7a11,Srp72,Ulk3,Ssr1,Faf2,Phtf2,Gon7,Hist1h1d,Nipal3,Zfp12,Ifit3b,Mpv17,Magee1,Erc1,Synrg,Ugt2b35,Grin2b,Slc7a14,Gpr146,Rictor,Tril,Rgs20,Gpr20,Tmem196,Prorsd1,Decr1,Chek1,Btbd16,Tbl1xr1,Vegfa,Cytip,Tbc1d24,Ms4a4b,Zfp827,Trim62,Bahcc1,E2f1,Cdk12,Pbld2,Zfp354a,Gabpb2,Comp,Smarca4,Wfdc12,Slc17a8,Bsn,Ndrg2,Dagla,Arf3,Adm,Comt,Il21r,Nkx1-2,Dis3l,Xk,Ankfy1,Rraga,Rassf10,Slc11a2,Dtna,Pik3r1,Akap5,Tmc7,Ndufc1,Sept3,Zfp951,P2ry2,Ptcra,Tas1r3,Fam168b,Gnb4,Prrx1,Nrg3,Il17rd,Atxn1,Scg2,Foxf2,D230025D16Rik,Zyg11b,Zfp326,Zdhhc3,Tns3,Lin28b,Ints6,Bpifc,Srgap2,Cxcl5,Dzip3,Rad54l2,Sept11,Ttc19,Mlxip,Smg7,Rnasel,Chrna1,Il18r1,Wars2,Mrpl35,Nfatc4,Nhlrc4,Ppp1r14c,Mfsd4b5,A630001G21Rik,Tmem252,Baz2a,Atpaf2,Epha4,Hecw1,Plekhg3,Magt1,Pgbd1,Gpd1l,4933427D06Rik,Itgb3,Itpripl2,Ifnar1,Cst6,Spata13,Ctsl,1700016D06Rik,Tbx20,Nol9,Utp6,Zfand5,Ints8,Slc6a17,Prr5,St6galnac1,Otog,Ercc6,Irs4,Npy1r,Tbc1d13,Alkbh1,Aplnr,Rmi2,Ccnd1,Klra2,Zbtb42,Fus,Bcl2l11,Zc3h12d,Shroom1,Kctd11,F2rl1,Tmem151b,Fhod1,Slc10a2,Polr3k,C2cd4c,Ms4a4c,Set,Dusp9,Cd3d,Loxl2,Adcyap1r1,Tcf4,Tnrc6b,Prps2,Tmem201,Sytl4,Pla2r1,Wwp2,Slc25a46,Gatsl2,Fign,Msr1,Thap12,Srek1,Trim43b,Gsk3b,Pigyl,Pttg1,Zdhhc5,Nfatc2,Nrf1,Mill1,Arl14epl,Cebpa,Mtus1,Mkx,Enpp4,Yipf6,Eif4e,Ccl28,Slc25a51,Cadm2,Adig,Pter,Hook3,Ddit4l,Strbp,Dph5,Cdc14a,Trp53rkb,Ubap2l,Rbm34,Fam212b,Reep4,Nup93,Foxj3,Loxl3,Madd,Nufip2,Ankle1,Azi2,Plxna4,Arl5b,Ids,Pak6,Fam227a,Zfp169,Slc17a5,Ociad2,Lhfpl4,3110082I17Rik,Scrt2,Celf3,Cnr1,Gm1587,Tmem178b,Tcf3,Prss22,Ldb3,Zfp949,Them7,Tedc2,Tbx4,Acot11,Dzank1,Ttll1,Amotl1,Mrps24,Fam78b,Fbxl14,Nectin1,Gfod1,Tdrd1,Ifitm7,Zfhx3,Ddx55,Gtf2h2,Fam160b2,Phactr2,Btn1a1,Fosl2,D3Ertd254e,Stxbp2,Vps4b,Sort1,Apol8,Arl4c,Nkiras1,Hsd17b3,Klf8,Zbtb34,Hnrnpd,Rpf2,Thsd4,A430078G23Rik,Luc7l2,Ptpn3,Prr5l,Mpp2,Slc12a2,Piga,Edaradd,Slfn5,Spta1,Pard6b,Ifnlr1,Gpkow,Crim1,Jag2,Llgl1,Unc5a,2900026A02Rik,Unc5c,Tmem220,Abca6,Zfp839,Grk3,Pnrc2,Zfp874b,Cecr6,Fam46a,Dffb,Fam189a1,Rbbp8nl,Endov,Glod4,Hivep3,BC030336,Zeb2os,Map2k7,Pgm2l1,Usp27x,Gm5148,Spc24,Syt2,St3gal5,Slc6a8,Atg10,Mef2a,Cadm3,Ldlrad3,Klk8,Mast4,Gmeb1,Dcaf17,Soat2,Tmbim1,Rab3c,Prkcd,Spg7,Oas3,Mmp12,Appl1,Xiap,Pcdh15,Slc41a3,Adamts9,Mast3,Pkp1,Trpc6,Fam214b,Mdga1,1810041L15Rik,Bbc3,Nbeal1,Eif2s1,Alkbh5,Lifr,Anln,Aoc2,Map3k7,Prmt8,Nacc2,Serpinb8,Gxylt1,Tyw1,Efnb2,Cbln3,Rabgap1,Tagap1,Tpte,Ube2v2,Ffar3,Ppp1r2,Mavs,Zbtb10,Fam107a,Zfp648,Kdm7a,Fech,Mms22l,9930021J03Rik,Btnl9,Lmx1a,Zfp9,Hs3st3b1,Larp1,Cep76,Il15ra,Zxdc,Trim36,Zdhhc7,Nup133,Slc16a10,Fam228b,Zfp618,Rab3ip,Pfas,Zbtb39,Ccdc144b,Diaph2,Ss18l1,Dennd4b,Tll1,Akap10,Ranbp3l,Pcgf2,Irgq,Asxl2,Ms4a6b,Prr11,Lnpk,Slc43a2,Ppm1f,Aak1,Phkg1,Rnf152,Zscan4d,Bloc1s3,Tmod3,Fndc3a,Tbc1d22b,Tagap,Zfp128,Mtpn,Tmprss13,Rflnb,Pbx2,Eya1,Tcte1,Lin28a,Ikzf2,Itsn1,Bmp6,Ghdc,Prkab2,Desi2,Akap2,Dcaf10,Rtf1,Hrk
mmu-miR-449b,Phc3,Sema4b,Shisa7,Wipf2,Mrm3,Cd93,Zfp317,Dnase2a,Rgs17,Fyco1,B3glct,Mbd4,Bloc1s3,Mapre1,St6galnac3,Prex2,Tbc1d2,Cemip,Trim36,Sco1,Cnnm3,Dusp11,Trmt10a,Cenpl,Fam118a,Vps9d1,Ctsa,Ubp1,Rheb,Slc35e2,Cercam,Epb42,Ywhag,Zfp446,Sgk3,Smco1,Ankrd28,Med22,Rab11b,Pin1
mmu-miR-434-3p,Dkc1,Plppr1,Wdr34,Stxbp2,Gm10778,Milr1,Pbld1,Lrrc6,Trpm3,Cxcr2,Mfsd2b,Moap1,Foxr1,Hs6st2,Zfp93,Mrpl51,Scml4,Cadm2,Chic1,Arid4b,Slc35a3,Vcan,Gpr157,Zc3h12a,Smad9,Polr2l,Rtl1,Zfp607a,Loxl2,Gla,Arhgef3,Casp8,Sp9,Ctnnb1,Zfp935,Eif5a,Prc1,Stx8
mmu-miR-125a-5p,Lars2,Madd,Cbx7,Foxk1,Bod1l,Arid1b,Gpr158,Gm14137,Ncam1,Uvrag,Traf6,Itpr3,Mgat4a,Antxr2,Aph1c,Il1rn,Cnr1,Scn5a,Snrnp40,Erbb3,Dqx1,Cflar,Ppp1ca,Wdr81,Jmy,Stat1,Hif1an,Stat3,Kif1c,Col4a1,Usp13,Wdr25,Ifng,Amotl1,Trim71,Brwd1,Ankib1,Ptpn18,Thsd7a,Mtf1,Col27a1,4632428N05Rik,Ahdc1,Ptpn7,Abca7,Il13,Ppp2ca,Tspan12
mmu-miR-574-3p,Crim1,Marveld3,Ctif,Slc10a2,Tbc1d22b
mmu-miR-743b-5p,Fign,Igsf9,Mylk4,Rnf157,Sp110,Ighmbp2,Maf,Saal1,Xpo7,Sgo2a,Baiap2
