mmu-miR-345-5p,4933427D06Rik,Ccdc127,Lsm12,Atic,Rdh13,Trmt61a,Cox10,Eaf1,Trim65,Zmiz1
mmu-miR-125a-5p,Dqx1,Trim71,Foxk1,Lars2,Ppp2ca,Traf6,Madd,Il1rn,Aph1c,Stat3,Uvrag,Ifng,Hif1an,Antxr2,Cbx7,Wdr25,Il13,4632428N05Rik,Jmy,Gm14137,Ptpn7,Mgat4a,Mtf1,Tspan12,Stat1,Ptpn18,Snrnp40,Ppp1ca
mmu-miR-434-3p,Lrrc6,Moap1,Mfsd2b,Trpm3,Gla,Polr2l,Foxr1,Vcan,Sp9,Rtl1,Arhgef3,Pbld1,Hs6st2,Casp8,Loxl2,Zfp935,Cadm2,Stx8,Stxbp2,Smad9,Zfp607a,Arid4b,Scml4,Eif5a,Wdr34,Ctnnb1,Chic1,Gm10778,Slc35a3,Gpr157,Mrpl51,Zfp93,Zc3h12a,Dkc1,Cxcr2,Milr1,Plppr1,Prc1
mmu-miR-151-3p,Clns1a,Mup19,Mup11,Mup15,Mup17,Mup12,Mup14,Mup10,Lrrc4c,Unc5b,Rmi2
mmu-miR-340-3p,Trappc13,Xkr8,Soat1,AW549877,Uba1
mmu-miR-409-3p,H2-Q4,Rnmt,Sms,Fbxo41,Nsa2,Pcdh20,Grhl3,Epn3,Dixdc1,Adgrf5,Akna,Zfp92,Zfp750
mmu-miR-34b-3p,Ttc19,Sass6,Sec61b,D16Ertd472e,Ldha,Cops2,Fbxo45,Tbx5,Pof1b,Raph1,Tsc22d3,Rhod,Pbx1
mmu-miR-188-5p,Gramd1c,Tmprss15,Ubp1,Slc8a1,Lars2,Ufd1,Cecr6,Elovl1,Senp1,Nsd2,Mrpl41,Fam46d,Trim43b,Jarid2,Htr3b,Irs4,Smg1,Il21,Olfr658,Mgat4a,Tspan12,2900026A02Rik,Mtor,Rhag,Akr1c14
mmu-miR-687,Gypa,Opa3,Chek2,Eid1,Bmp2,Gli3,Ddx19b,Hbp1,Pten,Cytip,Sfxn2,Lap3,Ptdss1,Nufip2,Atp2b2,Crtc3
mmu-miR-202-5p,Irgq,Fkbp9,Dlgap1,Moap1,Slc17a8,Gon7,Sox9,Onecut2
mmu-miR-423-5p,Zmat3
mmu-miR-686,Intu,Slc22a15,Apbb2,Terf2ip,Ammecr1l,Rsph4a,Cln8,Ceacam20,Lig4,Cyth1,Amy2a4,Zfp641,Rbbp4,Tenm2,Slc7a14,5730455P16Rik,1810030O07Rik,Atp2b1,Ubxn2b,Raph1,Nfatc4,Tmem234,Lmna,Tfcp2l1,Ahdc1,Prf1,Mbnl1,Rdh10,Mfap1a,Rxfp3,Arhgef2,Spag7,Nol11,Tbx2,Kcnc3,Gabrb2,Utp23,Amy2a3,Ctdspl2,Map3k1,B3galt1,Amy2a2
mmu-miR-675-5p,Ky,Dnase1l3
mmu-miR-743b-3p,Hlcs,Ppm1k,Cd8a,Akna,Plxna4,Lrrc4c,Snx27,Sema4d,Dcun1d1,Krit1,Gm5460,Tbc1d2b,Nxph1,Sumf1,Cd28,Dusp18,Lix1,Nr1d2,Zfp931,Gm14326,Anapc11,Cetn3,Sfxn4,Fosl2,Grm2,Celf2,Nmnat3,Lrig1,Rad51d,Rc3h1,Itih5,Sec24a,St6gal1,Zfp709,Sv2b,Gm10318,Serpina1a,Tsn,Rab6a,Tmem241,Cxcl3,Npas3,Yae1d1,Top2a,Tmtc3,Slc5a3,Scn3a,Zswim6,Epb41l4a,Phf3,Zpbp,Pgp,Pm20d2,Elovl5,Slc35d2,Astn2,Serinc1,Dstyk,Tmlhe,Dek,Kcnv1,Ankrd16,Opa3,Rasa2,0610030E20Rik,Cntn2,Cemip,Grm1,Syp,Trim25,Zfhx3,Eda2r,Pappa,Aptx,Galnt4,Foxn3,Gna14,Dph6,Srrm4,Peg10,Bach2,Arid2,Lin28b,Ppm1f,Frem2,Dglucy,Epha7,Phox2b,Tspan13,Cttnbp2nl,Klra2,Scaf11,Fign,Iws1,Cpd,Tmem41b,Dusp11,Sgk3,Galnt10,Magt1,Asprv1
mmu-miR-335-3p,Ank3,Cmc2,Foxp1,Eepd1,Ppm1k,Csf3r,Ube2d3,Rbm4b,Rabepk,Prkacb,Hspa12a,Atg5,Rsad2,Kcnmb2,Synj2bp,Afg3l1,Zfp568,Cntln,Zfp354a,Sel1l,March5,Aida,Tmed5,Chka,Cdc23,Tcf4,Zyg11b,Pax2,Tecpr2,Ccnjl,Slc1a2,Ide,Zfp704,Zfp933,Ccdc153,Cap2,Il17re,Sox11,Nppc,Meis2,Hspa13,Erich5,Flrt2,Ubr3,Eid1,Gid4,Senp8,Zfyve27,Pten,Dusp26,Fbxl14,Zeb1,Onecut2,Grpr,Smyd4,Eci1,Dhfr,Zic2,Coch,Cbfa2t3,Rap2b,Fli1,Tes,Pkib,Fam83e,Zdhhc20,Sgpp2,Fpr2,Spc24,Snx16,Zfp92,Wdr26,Appl1,Rnf165,Pclo,Gys1,Kat2b,Mat2a,Csnk1g3,Sfrp1,Jph1,Zfp516,Fnta,Csgalnact2,Tmem38b,Cdadc1,Cry2,Psmb11,Jakmip2,Wdr89,Irf8,Tmem132b,Tmem255a,Nnt,Mmachc,Tgfb2,Arid2,Xcr1,Tbx20,Mex3a,Med13,Dusp8,Sstr1,Epha7,Prpf31,Prkaa2,Opn5,Cpox,Kcnf1,Gpm6b,Nup133,Mgat3,Pabpc5,Mthfd2
mmu-miR-125b-5p,Dqx1,Trim71,Apln,Tnf,Lin28a,Foxk1,Lars2,Bak1,Smo,Snrnp40,Madd,Il1rn,Aph1c,Abtb1,Stat3,Klf13,Cbfb,Ajuba,Rabl6,Hif1an,Dus1l,Antxr2,Arid3b,Jun,Wdr25,Arid3a,Jund,4632428N05Rik,Ppt2,Jmy,Gm14137,Ddx19b,Suv39h1,Vps4b,Mtf1,Mgat4a,Snai1,Tspan12,Entpd4,RYBP,Stat1,Tor2a,Map2k7,Prkra,Igf2,Ppp1ca,Bmf,Rhebl1,Zfp385a
mmu-miR-297b-5p,Vps37a,Gatc,Sept3,Slamf1,Brat1,Sema6a,Eif2s1,Tbc1d24,Abcc9,Slc12a2,Six4,Tnfsf15,Clec2h,Kcnip3,Tmem26,Ccpg1,Xiap,Cd28,Uhrf1bp1l,Egfl6,Il21,Gabrb2,Zc3h12a,Il18r1,Acmsd,Has2,Aplnr,Gabpb2,Slc1a2,Slc22a8,Unc5d,Ddx6,Hecw1,Ell2,B3gnt2,Akap2,Sike1,D630045J12Rik,Casp8,Fblim1,Lin7a,Gm5464,Ncam1,Pcdh17,Snap25,Fam214b,Rab9b,Mfap3l,Htr1f,Ccdc127,Ptprk,Rab3c,Ski,Ubn2,Camk1d,Mylk4,Cnih3,Txlnb,Asb7,Cpne3,Alkbh1,Fam49a,Gcnt4,Slc15a5,Nrxn1,Ccl28,Rpusd2,Nsd2,Prr11,Dnaaf5,Tsc22d3,Zfp92,Nsd3,Slc6a6,Etv3,Rorb,Slc24a2,Xrcc3,BC003965,Lrrn4cl,Lcorl,Eno2,Gnb4,Nrf1,Rgs8,Fbrs,Tmco1,Cox15,Ehbp1l1,Vps33b,Ceacam20,Zbtb39,Lrrc40,Vdr,Nbeal1,Gnaq,Nxpe3,Pstpip2,Neu1,Ubxn2b,Cpne9,Htr3b,Iglon5,Mllt3,Gfod1,St18,Gpatch11,Dnm3,Zfp729a,Cdh12,Rfx3,Nwd1,Slc5a8,Zeb2
mmu-miR-369-5p,Ifi203
mmu-miR-129-5p,Ildr2,Hoxc10,Slamf1,Rbm47,Pdik1l,Agtrap,Afg3l1,Casz1,Srrm1,Slc17a8,Veph1,Pdzd2,Gnaz,Ccdc32,Cdc14b,Zyg11b,Ncbp3,Runx1t1,Ncl,4930430F08Rik,Nr2c1,Kremen2,Rnf152,Runx2,Gabra1,Lig4,Itgb6,Itgb4,BC003331,Fam161b,Plekhm3,Prdm16,Ocrl,Dlgap4,Rhoj,Soga3,Gad2,Mgll,Kdsr,Vcan,Zfp120,Ppih,Fndc3b,Spc24,Zfp329,Dpy19l1,Arid3a,Slc1a3,Rad18,Edaradd,Nid1,BC003965,1810041L15Rik,Rspry1,Zmat3,Tm9sf4,Bet1l,Zfhx3,Bace1,Gjd4,Diexf,Ammecr1l,Bean1,Acod1,Col4a1,Vdr,Cr2,Med13,Ubxn2b,Lsm11,Sstr1,Asph,Cd3eap,Pds5b,Map3k1,Zadh2,Pacsin1,Arpc4,Mob3c,Tnfaip1,Acot2,Kcnj15,Foxq1,Jkamp,Dusp10,Mob4,Zzz3,Lrrc4c,Zfp935,Ifitm10,Zfp568,Gm13611,Lmna,Kdm7a,Usp2,Ybey,Ssbp3,Pax2,Triml1,Cep97,Zic4,Slf2,Lsm12,B3galt1,G3bp2,Oacyl,Zfp641,Kcnma1,Trio,Prf1,Pgm2l1,Mau2,Stxbp5,Xpo7,Esp6,Ctdspl2,Trim39,Klk9,Enpp3,Hoxb3,Cspg4,Kif11,4931406P16Rik,Col8a1,Tfb2m,Tmod1,Gm15455,Ern2,Cpeb3,Ahdc1,Pcnp,Hjurp,Jakmip1,Grb14,Ptges3,Bicd1,Epb41l5,Tgoln1,Borcs7,Kif1c,Cdadc1,Hars,Daxx,Agl,Rell1,Otud7b,Cflar,Ube2c,Yipf5,Bach2,Limd1,Zfp26,D630003M21Rik,Ube2k,Clpb,Dcx,Ms4a6b,Magt1,Cdh4,Cfap53,Hyal1,Ctbp2,Nuak2,Osbp,Apba2,Ybx1,Timm17b,Ikzf1,Npm3,Kif21a,Slc16a6,Hoxb1,Auts2,Sp3,Nyap2,Pphln1,Uhrf1bp1l,Zfp131,Nos3,Nras,Mak,Tspyl5,Nr3c1,Mrpl19,Isg15,Amer2,Homer1,Car8,Brd4,Zfp933,Rprd1b,Hecw1,Sorcs3,Tmppe,Pms2,Cp,Parp3,Dapk1,Tnrc6a,Glrx2,Lpl,Camta1,Cox10,Rnf170,Tpm3,Cnih4,Sco1,Rnf11,Pou2f2,Krt24,Prokr2,Sgms1,Opcml,Prkd3,Zfp871,Cbx6,Bmp2,Chst1,Glul,Ptprj,Fam126b,Mrpl17,Trove2,Nrxn1,5730455P16Rik,Cybb,Atxn1,Hcn1,Slc7a12,Lrrc8e,Kdm5a,Itga9,Pmepa1,Pknox1,Kcnc3,Pak6,Fbxl18,Fam172a,Dst,Trabd2b,Atxn3,Fkbp6,Angel2,Atg10,Slc23a1,Naaa,Dph6,Tmem50a,Ccdc71,Cadm2,Dtna,Lpp,Ccnd1,Mkrn2os,Dusp8,Synj1,Mmp11,Pld5,Fam160b1,Zfp280d,Lfng,Cdh12,Zmat1,E2f2,Arl16,Gdf3,Ncoa1,Egfr,Mindy2,Tpp1,Foxp1,Irak1,Hif1a,Hao1,Rpf2,Brd7,Hs6st2,Btg1,Cytip,Ing5,Ndor1,Sel1l,Pum2,Zfp263,Rragb,Clcn3,Mtf2,Pik3c2a,Stx3,Gabpb2,Asxl2,Celf2,Fnip1,Tirap,Tcf23,Ppara,Phactr3,Stx8,Csf1,Tectb,Fyn,Chic1,Camkk2,Zbtb21,Ptchd4,Csnk1g1,Map1a,Smyd4,Ccdc167,Nfic,Tmpo,Crebrf,Dcaf6,Znrf1,Apbb2,Arhgef9,Slco3a1,Amer1,Lrrc58,Efna5,Nsd2,Mb21d1,Tmcc3,Lpin1,Epg5,Slc7a10,Bcl11b,Dbndd2,Nanos1,Jdp2,P4ha1,Cdk13,Spen,A830018L16Rik,Nav1,Tnpo3,Smarcc1,Lrrc75b,Klhl31,Mettl2,Med16,Peak1,Cdyl2,Cpox,Gprc5c,Il11,Gpx5,Fsd1l,Rfx3,D16Ertd472e,Peg3,Mthfd2,Plet1,Adrb1
mmu-miR-546,H2afv,Elovl7,Depdc5,Mrps24,Ttc26,2010315B03Rik,Sec23ip,Dffb,Ptrhd1,Ctcfl,Tyr,Dph7,Trim27,Ecm2,Gm2a,Ubxn8,Pum2,Pphln1,March5,Gm5113,Ube2v2,Klhdc9,Kif15,Nanog,Ranbp3l,Pfas,Cyb5d2,Snhg11,Itsn1,Mdc1,Ercc6,Bloc1s3,Ikbkg,Cbln3,Tmem206,Ly6g6d,Bpnt1,Zfp287,Fundc2,Sfxn4,Dqx1,Birc5,Cd93,Zfp933,Gas2l3,Gla,Tmem88b,Cd300a,Ddhd2,Mapre1,Rbm11,Ajuba,Actr10,Saysd1,Fbxo43,Sfxn2,Mrpl35,Commd7,Cdnf,Ccdc85b,Fam161b,Lpl,Dis3l,Xpo7,Eif4g2,Rmi2,Cnih4,Dnase2a,Gnl3l,Pigv,Gje1,Rab11b,Cenpl,Sema4b,Zfp830,Ggps1,Mrm3,Neu3,Zc3hav1l,Smco1,Kdelc2,Zbtb44,Lrp4,Fam118a,Nkiras1,Ggcx,Rpl7l1,Krt222,Ldlrad2,Ncan,Tpmt,Sumf2,Padi2,Noc3l,Fyco1,Ctsa,Slc35d2,Apod,B4galnt2,Cnnm3,Cyld,Pla2r1,Ttyh1,Tnfsf10,Zmat3,H2-T24,Mbd4,Mga,Trmt10a,Teddm1b,Exoc8,Nufip1,Trim36,Tnfrsf10b,Tmem69,Slc28a3,Epb42,Sgo2a,Tbl1xr1,Fam208a,Zfp282,Slc12a8,Fnip2,Smarcc1,Gm7616,Gpalpp1,Ttll1,Ddx58,Rhoh,Pfkl,Paxip1,Thap2,Tmco3,Soga1,Chrna1,Zfp799,Lrrc39,Sgk3,Homez,Nsrp1,Polr1b,Gdf3
mmu-miR-337-3p,Intu,Lactb2,Sdk1,Fam83e,Txnl4a,Rad51d,Cnga3,Slc7a14,Cass4,Psmd9,Scfd2,Igsf9,Nepro,Rnf169,Nudt18,Lsm6,Itga4,Impg2,Utp23,Klf9,Mcmdc2,Fgf5,Ttc38,Lhx5
mmu-miR-770-3p,Syt7,Cd8b1,Pctp,2510002D24Rik,Zfp941,Tmem176b
mmu-miR-291a-3p,Trim56,Npy1r,Mtif2,Glyctk,Ogdh,Camk4,Kif5b,Mc1r,Abl2,Tprkb,Gad2,Myl6b,A830018L16Rik,Adarb1,Hecw1,Zfp866,Galnt4,Cd300a,Luc7l2,Tns4,Mup13,Nav1,Grm1,Ppp2r3d,Nfatc3,Usp45,Ubxn2a,Pwwp2a,Fbxl3,Emc8,Cxcl11,Elf1,Zfp568,Anapc16,Chek2,Acat1,Il10rb,Fam168b,Cdkn1a,Nol10,Zfp607b,Mpv17,Mau2,Tmem245,Glrx2,Lpl,Ybey,Tmlhe,Diaph2,Asxl2,Pax6,Chic1,H2-T3,Hpgds,Mpp7,Zbtb41,Stxbp4,Samd8,Dkc1,Chrnb4,Slc6a2,Mup7,Ncl,Magt1,Cntn2,Ercc4,Hyal1,Gabpb2,Car5b,Ddx11,Zfp882
mmu-miR-339-3p,Ece1,Rbms2,Idi1,Oprm1
mmu-miR-202-3p,Msi2,Meis2,Mup11,Ccr7,Sox9,Mup17,Apc2,Lins1,Ifnar1,Nf2
mmu-miR-199a-5p,Cdkn2aipnl,Adgra1,Myo18b,Cd4,Pdxdc1,Crem,Hif1a,Ccnb1,Akna,Ms4a6c,Tgfb2,Npbwr1,Nucb1,Fgl2,Il17rd,Hcn1,Dsg2,Maoa,Lpin1,Sumf2,Zfp937,Pus7,Clic5,Samd7,Srgap3,Rhou,Rnf11,Impg2,Dusp18,D3Ertd254e,Sftpd,Pde4d,Adam19,Ctgf,Sirt1
mmu-miR-409-5p,Rnf130,Dgkg,Tril,Itgb4,Cdnf,Zfp871
mmu-miR-434-5p,Rtl1
mmu-miR-501-3p,Fam214b,Slc39a14,Cmtm7,Impad1,Txlnb,Wtap,Ube2v2,Rdh1,Mtx3,Sin3a,Tmc7,Bcl2l11,Aak1,Rccd1,Cps1,Midn
mmu-miR-335-5p,H2-Q4,Nat8f3,Iws1,Glyctk,Tcaim,Ran,Cr2,Prkaa2,Rb1,Samhd1,Ado,Rhag,Tigar,Tcf4,Prpf4
mmu-miR-380-5p,Fundc2,Nav1,Rab11b,2900026A02Rik,Tspan18,Ms4a6b,Ptpre,Yme1l1,Acer3,Ncbp3
mmu-miR-542-3p,Pigr,Nceh1,Zfp932,Plekhf2,Pdxk,Nectin4,Ago4,Ncan,Gnb4,Vps33b,Atm,Cd1d1,Camk1d,Rnf170,Acsm2,Slc1a2,Tmem106a,Zfhx3
mmu-miR-743b-5p,Maf,Sp110,Baiap2,Rnf157,Fign,Sgo2a,Ighmbp2,Xpo7,Mylk4,Igsf9,Saal1
mmu-miR-590-5p,Gid4,Moap1,Kcnk6,Gon7,E2f2,Map3k1,Rpp40,Rmnd5a,Cyfip1,Tns1
mmu-miR-384-3p,Moap1,Tacc2,Gon7,Hdac3,Fbxo32,Dlgap1,Syt13,Bach2,Pbld1,Hk2,Atp2b1,Hoxb9,Tspan13,Atp2a2,Mbtps2,Nol3,Cyld,Gpi1,Gm14137,Nxpe2,Lhfpl4,Tceal8,Crkl,Plet1,Myo1c
mmu-miR-876-3p,Plekha2,Il18r1,Padi2,Pla2r1,Fam161b,Ly6g6d,Ccsap,Slc1a7,Tmem69,Mllt11,Armc2,Sorcs1,Thap1,D630023F18Rik,Xpo7,Chrna2,4931428F04Rik,Vldlr
mmu-miR-683,Rbm39,Hrk,1700025G04Rik,Adcy1,Slc5a3,Elavl3,Zfp951,Klhl21,Rragd,Mtf2,Sap18,Prrc1,Cpm,Vmp1,Cpox,Hipk3,Mrps14,Dmbx1
mmu-miR-331-3p,AY074887,Ms4a6c,Trappc9,Zfp870,Tbc1d8b,Pi16,Gm7609,Cmtm6,Maoa,Zfp949,Slc17a8,Nol11,Aim2,Golga2,H2-Q4,Lats1,Eci1,Hectd3,Nkain3,Tmx4,Mrm3
mmu-miR-666-5p,Zeb2
mmu-miR-338-3p,Runx2,Zbtb10,Inpp5e,Moap1,Lactb2,6030458C11Rik,2810006K23Rik,Lmo7,TNFSF11,Zfp282,Fgfr2,Zfp36l1,Aco1,Egln2,Spib,Ly6e,Coq3,Dyrk2,Ctsa,Cnnm3,Apod,Arl1,4930539E08Rik,Spag7,Sf3a1,Slc52a2,Kcnk6,Sgk3,Zfp446,Zfp689,Syt12,Cdk7
mmu-miR-574-3p,Marveld3,Tbc1d22b,Crim1,Ctif,Slc10a2
mmu-miR-540-5p,Slc26a1,Abi2
mmu-miR-542-5p,Triml1,Trpc7
mmu-miR-362-3p,Adamts4,Fam227a,Arf3,Zfp648,Nhlrc4,Slc41a3,Arhgef15,Eif2s1,Tbc1d24,Ssr1,Syt2,Slc7a14,Tnfrsf11a,Wwp2,Pard6b,D630023F18Rik,Gpr146,Dzank1,Als2cl,Prkab2,Zfp354a,Rbbp8nl,Atxn7,Slc17a8,Prr5,Zdhhc7,Pfas,Zfp839,Prpf18,Zc3h12d,Itsn1,Zfp462,Rtf1,Dhx37,Ncbp3,Zyg11b,Btbd16,Sytl4,Pcdh15,Tbc1d13,Hnrnpd,Syt12,Tmc7,Aplnr,Rnf152,Mylk,Ffar3,Bbc3,Dennd4a,Slc6a8,Wfs1,Mtpn,Mcph1,Capza1,Baz2a,Rad51d,Lonrf1,Polr3k,Hif1an,Zfp970,Crim1,Evi2b,Ddit4l,Gxylt1,Usp27x,Slc25a46,Vegfa,Scg2,Plag1,Zscan4c,Rad54l2,Il17ra,Csrnp3,Thap12,Cops7b,Celf3,Thsd4,Plekha2,Ikzf2,Prmt8,Dcaf10,Ankfy1,Ppp1r14c,Tnrc6b,Zbtb42,Tyw1,Trpc6,Abca6,Rabgap1,Larp1,Klhl13,Phkg1,Erc1,Ggcx,Ccl28,Ankle1,Spc24,Nsd3,Appl1,Wfdc12,Rassf10,Smg7,Edaradd,Pias1,Pkp1,1810041L15Rik,Zfand5,Ermp1,Plau,Shroom1,Gsk3b,Rnf157,Mfsd4b5,Adig,Ptp4a2,Reep4,Ulk3,Zfhx3,Gpr20,Npy1r,Pck1,Slamf7,Slc11a1,Mrap2,Grk3,Ctif,Arl8a,Prps2,Zbtb39,Rab3ip,Mcam,Zxdc,P2ry2,St6galnac1,Ppm1f,F2rl1,Csnk1e,Btn1a1,Dzip3,Endov,Srp72,Gfod1,Tns1,Chrna1,Ss18l1,Fgf5,Pcgf2,Ms4a4c,Cdc37,Mms22l,Zfp408,Nacc2,Fam107a,Cct7,Ppm1k,Ghdc,Magee1,Kctd11,Ets1,Tmem252,Naa15,Oas3,Acvr1b,Rictor,Dusp9,Loxl2,Rsf1,Nfatc4,Xk,Ccpg1,Kdm7a,Xiap,Ranbp3l,Tagap,Gm1587,Sin3a,Pttg1,Zscan4d,Glod4,Tcf4,Tmem151b,Edem3,Pbx2,Tll1,Tcte1,Dennd4b,Grik3,Ugt2b35,Mtfr2,Rbm34,Zfp951,Faf2,Slc6a17,Slc7a11,Mmp12,B3gnt2,Zfp169,Cebpa,9930021J03Rik,Srgap2,Fndc1,Aak1,Ifnar1,Nol9,Mrpl35,Soat2,Lifr,Atpaf2,Pgm2l1,A630001G21Rik,Nfatc2,Fbxl14,Rflnb,Cnr1,Pik3r1,Ptprk,Mtus1,Tmem201,Nrg3,Frat2,Trim71,Tpte,Alkbh1,Podxl,Ldb3,Il15ra,Luc7l2,E2f1,Foxj3,Nkiras1,Gcnt4,Mavs,Tril,Bcl2l15,Il17rd,Mlxip,Gpd1l,Ints6,Dph5,Klf8,Tmbim1,A430078G23Rik,Cst6,Lhfpl4,Trp53rkb,Hook3,Spg7,Pla2r1,Msr1,Mtx3,Zfp446,Gnb4,Gpkow,Trim25,Prss22,Rgs20,Eif4e,Unc5c,Trim36,Tbc1d22b,Ehbp1l1,Madd,Cdc14a,Cep76,Rnasel,Foxn3,Tbl1xr1,Trappc9,Nbeal1,Kcnc1,Enpp4,Hk2,Foxf2,Kcnj5,Synrg,Bcl2l11,Ttll1,Jag2,Zfp128,Phox2b,Chek1,Klra2,Gm13889,Fam160b2,Fign,Trim44,Spata13,D3Ertd254e,Them7,Ehhadh,Ms4a6b,Magt1,Spta1,Zbtb10,Prorsd1,Ddx55,Decr1,Tmem220,Hsd17b3,Tbx4,Slc12a2,Six4,Insig2,Synj2bp,Nectin1,Parn,Tmod3,Fam228b,Stx1b,Serpinb8,Zfp949,Gmeb1,Irs4,Tcf3,Ube2v2,Uhrf1bp1l,Lzts3,Tdrd1,Ercc6,D230025D16Rik,Bloc1s3,Pou3f3,Il18r1,Mast4,Yipf6,2900026A02Rik,Arl14epl,Azi2,Armc2,Cep170b,Mef2a,Cxcl5,Fosl2,Pnrc2,Cavin3,Bpifc,Desi2,Nkx1-2,Ttc19,Hecw1,Ccdc144b,Msx2,Egln2,Gm5148,Zfp618,Cfap65,Zfp326,Zgrf1,Fam168b,Phtf2,Dagla,Scrt2,Pigyl,Fhod1,Arl4c,Rmi2,Smarca4,Alkbh5,Zdhhc3,Prrg3,Stx17,St6galnac5,Sgms1,Nom1,Comp,Piga,Ubac1,Epha4,Pofut1,Zfp871,Arhgap12,Zc3hav1l,Ctsl,Lin28a,Acot11,Ptcra,Trim62,Rap2b,Ppp1r2,Zbtb7b,Rbm48,Zfp12,Prr11,Atxn1,1700028K03Rik,Tas1r3,Trim43b,Irgq,Il21r,Clec7a,N6amt1,Gpi1,Klk8,Fbxl17,Oas1e,Srek1,Pak6,Ndufc1,Nrf1,Ubap2l,Casc4,Igf1,Pappa,Frmd3,Dnajb4,Tnfrsf10b,Atg10,Ociad2,Akap5,Vangl2,Hs3st3b1,Ldlrad3,Lin28b,Tmem178b,Utp6,Itpripl2,Cadm2,Dtna,Slc11a2,Ccnd1,Smad2,Ids,Vps4b,Ndrg2,Irf9,Ifit3b,Plcl1,Adm,Cdk12,Ifnlr1,Nup93,Wars2,Grb2,Rraga,Sept3,Hist1h1d,Mrps24,C2cd4c,Dffb,Plxna4,Ptpn3,Zeb2os,Lmx1a,4933427D06Rik,Rpf2,Slc8a2,BC030336,Loxl3,Gatsl2,Cytip,Pnma2,Tmem26,Stxbp2,Mdga1,Tlr6,Llgl1,Sort1,Fam212b,Phactr2,Fam189a1,Fam78b,Aoc2,Cyb5r1,Zfp963,Zfp827,Fam46a,Cbln3,Hivep3,Dusp18,Dcaf17,Irak4,Prkcd,Tedc2,Pgbd1,Arfrp1,Gabpb2,Asxl2,Sept11,Map3k7,Zfp9,Arl5b,Efnb2,Gtf2h2,Rwdd4a,Zdhhc5,Cd3d,Akap2,Prrx1,Anln,Zbtb34,Tns3,Nrp2,Prrg4,Mpp2,Mill1,Tmem196,Dnajb1,Mpv17,Spag7,Amotl1,Rufy2,Diaph2,Chic1,Dis3l,Plekhg3,St3gal5,Fam214b,Synpo2l,Grin2b,Rab3c,Rpp14,Usf2,Slfn5,Ubn2,Strbp,Fndc8,Bsn,Adamts9,Zfp882,Slc16a10,Hrk,Eif4e2,Slx1b,Itgb3,Btnl9,Ifitm7,Adcyap1r1,Cecr6,Acsm2,Bahcc1,Zfp874b,Fndc3a,1700016D06Rik,Slc43a2,Nipal3,Skint7,Eya1,Prr5l,Nphs1,Slc17a5,Apol8,Trim12c,Slc25a51,Fam53c,Fech,Akap10,Zfp516,Tagap1,Mast3,Gon7,Cry2,Haus2,Pter,Bbip1,Mtfmt,Atp6ap1,Nudcd3,Ccdc169,Set,Mkx,Ints8,Unc5a,Stxbp6,Comt,Tbx20,Klhl31,Fus,Slc10a2,3110082I17Rik,Otog,Rgl1,Lnpk,Dnajb6,Ms4a4b,Fat3,Tcf12,Tmprss13,Soga1,Cadm3,Nup133,Pde4dip,Map2k7,Nufip2,Pbld2,Bmp6
mmu-miR-654-5p,Fkbp6,Lrrc58,Khdc1b,Gucy2f,Nfic
mmu-miR-296-5p,Atpaf2,Tmed9,Prlr,Vmn1r58,Nanog,Zfp300,Grk1,Slc7a1
mmu-miR-324-5p,Rcan2,Zscan12,Gjc3,Tmc8,Slc2a10,Kcnk6,Dip2b,Smo,Zbtb21,Ubxn8,Vash1
mmu-miR-883b-3p,Adarb2,Rasgrp3,Epb41,Tes,Pnoc,Abcc9,Rps6kb1,Tbl1xr1,Rnf139,Nif3l1,Spc24,Zfp949,Phactr2,Irgm1,Ccdc148,Tubal3,Kcnk3,S1pr5,Trp53rkb,Rbm39,Medag,Zscan12,Rab11fip1,Zbtb41,Gab1,Tsn,Rad52,Ggps1,Lbh
mmu-miR-369-3p,Osbp,Zfp113,Ap3m1,St3gal2,Pou4f2,Csmd1,Ttll7,Hist1h1d,Trim2,Ikzf5,Plxnc1,Sfxn4,Rassf5,Hexim1,Tead3,Spam1,Sec23ip,Atp2b2,Hao1,Pkib,Lrrc71,Ccdc169,Foxn3,Map2,Tbx4,Dimt1,Prrx1,Actr10,Zfp322a,Nck2,Zer1,Mex3a,Tmem161b,Tet2,Ints6,Lrrtm2,Sumf2,Elovl5,Npr3,Gpc6,A130010J15Rik,Zfp84,March5,Gmeb1,Slc35d2,Fzd5,Zfp1,Jmjd4,Pten,Nkx2-2,Tcf21,Wnt11,Xpo7,Nadsyn1,Wnt3,Plaur,Ptprr,Tmem206,Ppp6r1,Gfra2,Zfp248,Lcn5,Cradd,Mgat3,Ceacam1,Pde4dip,Sec61b,Rpp14,Man1a2,Hoxa11,T2,Car5b,Syp
mmu-miR-342-3p,Zdhhc24,Arf3,F11r,Arnt,Arhgef15,Ets1,Ccdc25,Spock2,Creb5,Trp53i11,Acvr1b,Zfp663,Trak1,Coa5,Dzank1,Palm2,Nfatc4,Atg16l1,Plekhg1,Atxn7,Fubp1,Lman2,Prr5,Mmab,Zdhhc7,Zfp839,Pttg1,Kcna4,Cbln3,Ly6g6d,Zfp689,Pgbd1,Rapgef3,Mef2a,Sema6d,Pak4,Tcte1,Bbc3,Sept11,Pacs2,Tirap,Slc7a11,Sfn,Lrp8,Cd3d,Agpat4,Usp45,Igfbp3,Xpnpep3,Prrg4,Mrpl35,Prdm2,Wdr43,Iqsec3,Gid4,Dapk1,Nceh1,Mbtps2,Spryd3,Arhgap23,Rmi2,Prrg3,Mtus1,Tmem8b,Tmem201,Bsn,Akirin1,Dcp2,Cpne3,Scamp1,Acot11,Gad2,Arhgef9,Vav1,Selenot,Midn,E2f1,Wdr59,Gpd1l,Ubtf,Tfcp2l1,Ino80d,Slc43a2,Ephx3,Pus7,Clec7a,Pax3,Hook3,Fbxl17,Fam53c,Lcorl,Ehmt1,Ifit3,Trmt10a,Pck1,Frmd3,Atl2,Kdm4a,Cry2,Atm,Ociad2,Ctif,Zbtb7a,Cisd2,Cadm2,Itgam,Ppp1r26,Wdcp,Fam160b2,Ifit3b,Plcl1,Tmod2,Aff1,D16Ertd472e
mmu-miR-324-3p,Ankrd28,Reep1,Lsamp,Dvl2,Cnot6,Nlgn2,Macf1,Tln1,Ntrk2,Slc31a1,Dpysl2,Pdzd2,Pptc7,Zfp652,Usp7,Wwtr1,Pcnx,Lix1,Ash1l,Mdp1,Pan3,Reep5,Scn4b,Gabra1,Caln1,Rhov,Ocln,Vat1,Laptm4a,Cbfb,Nmb,Wasf2,Baz2a,Cpm,C230081A13Rik,Tmem135,Rap1gap,Ulk1,Ncam1,Mmp24,Abl1,Slc25a46,Maml1,Zeb1,Cfl2,Scn3b,Rbm39,4933426M11Rik,Pfkfb2,2700081O15Rik,Cnksr3,Fbxo18,Nedd4,Fam19a5,Mapk14,Zfp414,Tacc1,Fam104a,Epb4.1l2,Padi2,Osbpl9,Smg7,Ctnnb1,Zkscan8,Patl1,Garnl3,Tm9sf4,Prrt1,Tmx4,Syp,Tenm4,Atp6v1b2,Abl2,Ppig,Bmpr1a,Dnajc5,Cd99l2,Ppm1f,Zmiz1,Klhl23,Itm2c,Lipa,Zmym4,Cd200,Kitl,Gpm6b,Gfod1,Pip4k2c,Prkdc,Ttc3,Cav2,Pds5b,Eps15,Tmod2,Mapk6,Hdac6,Mtch1,Gprin3,Zeb2,Fem1b,Intu,Clock,Ap2b1,Frmd5,Rogdi,Drd2,Ralgds,Syt11,Myt1,Acvr1b,Usp46,Zzz3,Slc35d1,Osbpl8,Clcn4-2,Rit1,Trps1,Riok3,Rab5b,Antxr1,Gnptab,Tcf4,Zmat4,Gabrb2,Ywhag,Gnb1,Wnk1,Ric3,Rmnd5a,Zfp148,G3bp2,Impad1,Pip4k2b,Faf2,Slc4a8,Clip1,Syncrip,Jam2,Fbxw7,Pard6g,March6,Igbp1,Ednra,Zzef1,Ppp1r1a,Ttyh3,Dos,Pik3ca,Ccdc127,Ank2,Rab6a,Kif1b,Arpp21,Zfp106,Shc4,Klhdc10,Nos1,Zfp592,Hs3st5,Kmt2a,Gria2,Tsc1,Nfib,Tfb2m,Papd7,Nme1,Gpc1,Myo18a,Tmem131,Etv3,Nup50,Slc24a2,Arhgdia,Nr2c2,Slc22a23,Nuak1,Mettl16,Dkk3,Cln8,Gpam,Mid2,Enpp4,Cbx5,Nrsn1,Acss1,Lrrc57,Tmem109,Hyal1,Rabl3,Ryk,Esyt2,Oxsr1,Cacna2d3,Lin7c,Ccdc25,Tanc2,Slc12a2,Cldn25,Ywhab,Ppapdc1b,Cog7,Sfmbt1,Frs2,Gpatch8,Fam73a,Snhg11,Lnpep,Myo6,Hpcal4,Prkcb,Ppp6c,Gda,Rc3h2,Pacs2,Evl,Sytl2,Ept1,Arl6ip5,Gja1,Ankrd46,Fam135a,Mtmr4,Dag1,Smarca4,Alkbh5,Lrrc4,Zfyve26,Stx17,Klf9,Rabgap1l,Atrn,Ngfrap1,Chrna4,Pim3,Psd3,Mtmr6,Astn1,L1cam,Galnt7,Tpmt,Jazf1,Stag1,Eif1a,Whsc1l1,Rela,Snn,Smad3,Tgfbr2,Gnao1,Mdn1,Dgcr2,Usp6nl,Fbxl18,Rnf44,Lrp3,Mbip,Cdc27,Csrnp2,Col12a1,Hadha,Srrm4,Tpra1,Heg1,Bag4,Nfxl1,Ttpal,Mecp2,Acot7,Lfng,4931428F04Rik,Iqsec2,Adcy5,Rap2c,Mkrn2,Gigyf2,Anxa5,Wdr85,Gatsl2,Canx,2810407C02Rik,Tor1aip2,Nploc4,Snx30,Ccnjl,Pcmtd2,Narg2,Asxl2,Vezt,Lmbrd1,Ccdc50,Slc12a7,Bola2,Hook1,Fam195b,Stx8,Cpeb2,Ablim1,Stx16,Klhl32,Rassf4,Adam10,Gtf2i,Rab3c,Cplx1,Zfp521,Scamp1,H2-D1,Lpgat1,Dmtf1,Gspt2,Pygb,Adcyap1r1,Lrrc58,Ncan,Utrn,Rsbn1l,Slc6a6,Gfap,Akap9,Slc43a2,Pex19,Rab6b,Fndc5,Ppp3r1,Spred2,Sdc2,Zfp516,Chd4,March8,Ugt8a,Map2k1,Ralgapb,Psmb11,Gga3,Skil,Slc17a6,Nck1,Nudcd3,Igf1r,Syt1,Smad4,Katnbl1,Ap2a2,Rgl1,Ankrd12,Crat,Kif5c,Cadm3,Fam171b,Il1r1,Rock2
mmu-miR-449b,Ubp1,Trim36,Cd93,Ankrd28,Smco1,B3glct,Pin1,Mapre1,Epb42,Zfp317,Fam118a,Prex2,Tbc1d2,Slc35e2,Phc3,Rheb,Fyco1,Ctsa,Cnnm3,St6galnac3,Cercam,Vps9d1,Bloc1s3,Shisa7,Dnase2a,Med22,Ywhag,Sco1,Rab11b,Cenpl,Rgs17,Sema4b,Wipf2,Dusp11,Zfp446,Sgk3,Mbd4,Cemip,Mrm3,Trmt10a
mmu-miR-532-3p,Nat8f3,Ky,Depdc5,Ptprj,Angel2,Grap,Larp1,Ptp4a3,Tbc1d8b,Oxsm,Wdr25,Maoa,Pcdhb5,Bicd2,Btrc,Cx3cr1,Eif4g2,Arhgap23,Trim60,Nav2,Kcnk6,Hspb7,Tstd3,Cntn2,Tmem38b
mmu-miR-340-5p,Ppp1r12c,Fam227a,Agap1,Ank3,4933411K20Rik,Reep1,Pbx3,Inpp5a,Lsamp,Cdca4,Syt2,Dach1,Zfp729b,Coa5,Agrn,Polr3f,Ntrk2,Nfia,Kcnj6,Memo1,Nars,Nrep,Mmp16,Atxn7,Tmed5,Has3,Ctnnd1,Zkscan1,Sdccag3,Tmeff2,Itsn1,Stau2,Mpv17l,Pptc7,Cdc14b,Cntnap2,Zcchc9,Robo2,Camk2n1,Tspan2,Otud4,Mbtd1,Pan3,Arl2bp,Luc7l,BC023829,Nktr,Shroom2,Morn4,Mllt10,Sall3,Grem2,Klhl20,Mfhas1,Bmp2k,Slc16a14,Robo1,Ipcef1,Ogt,Kif16b,BC003331,Tardbp,B3galt5,Xpo5,Jmjd4,Vegfa,Vma21,Ppp1r9a,Maml1,Mcl1,Bcl11a,Slc35a4,Larp4,Napb,Lgr4,2700081O15Rik,Slc25a3,Dlc1,Socs6,Anks1b,Cep120,Rapgefl1,Chmp4b,Mylip,Anp32e,Stxbp1,Igsf3,Vcam1,Kat6a,Pam,Vcan,Dgke,Ccl28,Ago1,Fbxl3,Txndc5,Golga1,Zmynd11,Appl1,Padi2,Nbr1,Pias1,Rnf214,Spag9,Zfp260,Fbxo3,Csnk1g3,Wdr37,Armcx4,Hdac9,Ism1,Stk24,Ttc39b,Ptp4a2,Snapc1,Tmx4,Enc1,Csgalnact2,Mga,Tenm4,Plekha3,Pde4b,Abl2,Zfp664,Jakmip2,Ipmk,Nlgn1,Med13,Slc18a2,Chd7,Qser1,Zik1,Klhl7,Klhl24,Golph3,Pds5b,Tmod2,Map3k1,Nsg2,Il1rapl1,Zfp583,Ppm1l,Fbxo21,Atp6ap2,Stt3a,Six2,Slc14a1,Slc2a3,Ppm1k,Morf4l1,Hdac2,Nucks1,Nrk,Myt1,Pfn2,Myo5a,Mapkapk3,Naa15,Acvr1b,Tbc1d20,Rictor,Plekha1,Lrp11,Gm2a,Papola,Rev3l,Tmem248,Ubn1,Slc7a1,Cwc25,Clcn4-2,Ap1s2,Dpysl3,Fubp1,Neto1,Idh1,Cntn3,Gnptab,Tcf4,Ywhag,Fbxo38,Slit3,Crybg3,Myo9a,Nmrk2,G3bp2,Trim2,Gas2l3,Slc7a11,Ube4b,Megf9,Eogt,Exosc1,Ccny,Pard6g,Zfp800,Slc41a1,Gpr158,Ubr3,Tgif1,Reck,Sos1,March6,Sox4,Npr3,Sdc3,Kif13a,Pisd,Ints10,Tom1l1,Bcl2,Rnf141,Dennd6a,Dgkd,Arfip1,Pik3r1,Pank2,Dyrk3,Ski,Mtus1,Zfp532,Osbpl11,Nrg3,Asb7,Cxcl12,Akap6,Ccser2,Cog3,Slitrk4,Aff4,Trappc8,Actr2,Gria2,Gabpa,Slc9a6,Mbd2,Tmc8,Parp11,Zfp512,Gpd1l,Pm20d2,Edem1,Ndst1,Suz12,Slc24a2,Arid4b,Nolc1,Spag1,Med14,Acn9,Ugdh,Pik3ip1,Smoc1,Tmem69,A130050O07Rik,2010107E04Rik,Chl1,Cdk19,Purg,Fopnl,D15Ertd621e,Cd2ap,Serpine2,Camk2a,Spp1,Tnks2,Tmem209,Ephb4,Dcx,Cav1,Aff1,Prkar1a,Prdx3,Lphn3,Epn2,Esyt2,Myh10,Oxsr1,Ddn,Dlg2,R3hdm2,Chst15,Adnp,Ltn1,Zfp365,Wipf1,Arnt,Lin7c,Brsk2,Fat1,Tanc2,Creb5,Cldn25,Ywhab,Smim15,Apbb3,Auts2,Ppapdc1b,Grhl1,N4bp2l2,Kcnj3,Fam160a1,Ppp3cb,Fam73a,Pcyox1,Snhg11,Chd9,Slc25a24,Wnt11,Tmem240,Lnpep,Hus1,Pou3f3,Rce1,Emp2,Nr1d2,B4galt2,Soat1,Mef2a,Anapc11,Cdc42,Cxadr,Slc44a5,Pde7b,Dmd,Cdan1,Mmgt1,Sema5a,Dr1,Sox11,Slain1,Phf14,Ank,Cbx1,Plxnd1,L3mbtl3,Ept1,Arid1a,Smtnl2,Sestd1,Mlf2,Map3k2,Dapk1,Fam168b,Ankrd46,Tbl2,Camta1,Bai3,Fcho2,Ralgapa2,Dync1li2,Lrrc55,Rpgrip1l,Elavl4,Mapk1,Rabgap1l,Gad1,Ahsa2,A230046K03Rik,Med28,Rnf111,Mast2,Scn1a,Tgfbr1,Agfg2,Glul,Insm1,Gtdc1,Adam22,Pafah1b2,Psd3,Cyfip1,Slc41a2,Slc7a2,Sv2a,5730455P16Rik,Phf3,Pikfyve,Celf5,Msi2,Elovl5,Ino80d,Strn,Ubl3,Prrc2b,Whsc1l1,Sept2,Met,Tax1bp1,Ubald2,Akt3,Tgfbr2,Scmh1,Elmsan1,Syap1,Dgcr2,Rnf44,Fam172a,Abca1,Lnp,Kctd1,En2,Atxn3,Got1,Luc7l3,Cltc,1200014J11Rik,Nptn,Tapt1,Nckap5,P2ry1,Pdgfra,Lin28b,Tmem178b,Cep170,Ccnt2,Pum1,Acbd3,Cadm2,Man2a1,Sufu,Slc1a1,Col9a3,Sfrs18,Synj1,Fstl5,Vamp3,Ids,Thap2,Pcmtd1,Acadm,Ncor1,Acsl1,Cyth3,Pvrl1,Cdh12,Ptprg,Eml5,AU040320,Man1a2,Acap2,Ckap5,Hunk,Icmt,Fhod3,Kcnj2,Sept3,Zcchc24,Mccc1,Peli2,Nipa2,Gpr123,Azin1,Zfp397,Limch1,Pcdhb17,Pkd2,Impa1,Slc23a2,Pnma2,Lancl3,Ndufs4,Pum2,Tbc1d2b,Abcg1,Sort1,Snx9,Gabra6,Serinc3,Prr14l,Zfp276,Zfp697,Neto2,Mtf2,Lrif1,Vezt,Npnt,Sphkap,Herpud2,Pak2,Map3k7,Tmem55a,Gabrg1,Hnrnpa0,Enpp2,Fam117b,Sgpp1,Igfbp3,Dstn,Srsf2,Creb1,Fzd6,Kif23,Cpeb2,Ppp6r3,Tmem47,Dock9,Eif4g2,Mcfd2,Cdc123,Sltm,Csnk1g1,Hipk1,Lpar4,Adam10,Srsf11,Qk,Acer3,Map1lc3b,Hrk,Hbegf,Myo10,Ice2,Tpd52,Id2,Cript,Xpr1,Arhgef9,Nudt4,2610301B20Rik,Itfg1,Kpna1,Vbp1,Usp25,Lrrc58,Nfatc3,Son,Lnx2,Zbtb33,Utrn,Fnbp1l,Abhd17b,Zfp874b,Znrf2,Smad9,Slc35a1,Plat,Ppp3r1,Msantd4,Dbndd2,Fras1,Ptprr,Tmem33,Rab11fip1,Ing3,Lpcat1,Ap3m1,Kcnk1,Cds2,Tfap2b,Arrdc3,Tmem106b,Cry2,Skil,Gdf10,Yes1,Glce,Kdm5b,Vopp1,Kcnk2,Tgfbr3,Prkaa1,Lmtk2,Cmtm6,Katnbl1,Crk,Prnp,Rragc,Epha7,Nr4a2,Ankrd12,Gphn,Bdh1,9430020K01Rik,Ugcg,Olfm3,Arhgap26,Kif5c,Ndnf,Ppp1r13l,Foxn2,Arl6ip6,Cadm3,Zfp619,Fgd6,Rbm18,Eif4enif1,Pde4dip,Smad5
mmu-miR-654-3p,Mfsd7b,Fzd7,Cxcr4,Tnrc6c,Slc16a1,Gfra2,Sike1,Lactb2,Tmprss3,Crebzf,Utp6,Bcl2l11,Kcnip3,Dpy19l1
mmu-miR-291b-5p,Zfp113,Ogdh,Cdc42se2,Ttc14,Zfp866,Cd300a,Hipk3,Grap,Mcc,Ppp2r3d,Bach2,Fndc1,Msi2,Mettl2,Nol10,Tmem136,Cdc37l1,H2-Q4,Ptprg,Asxl2,Rab27a
mmu-miR-875-3p,Tmem101,Tube1,Dennd4a,Sspn,Cep68,Lars2,Rbm47,Mboat1,Cd63,Ret,Celsr2,Spry4,Fam114a1,Gmip,Tbx4,4931406B18Rik,Inpp5d,Olig3,Wdr25,Atp2b1,Commd7,Ttpa,Tet2,Serpine1,Gpr82,Wtap,Zfyve27,Nab1,Bnc2,Gng12,Dnajc1,Ptchd4,Zkscan8,Slc15a2,Nat8l,Wnk1,Tmod2,Cdh12,Ppp4r2,Arl16,Strbp,Zfhx3,Zfp882
mmu-miR-465a-3p,Dcbld2,Foxl2,Foxk2,Eif5a,Fam78b,Gpr157,St6gal1
mmu-miR-450b-5p,Ildr2,Fam227a,Cabp5,Cbx6,Celf2,Hoxc10,Pax9,Ralgps2,Runx1,Irak1,Ammecr1l,Mllt1,Rell1,Btnl9,Npm3,Vcan,Tfb2m,Bach2,Gm15455,Ern2,Ubxn2b,Prrg1,Sel1l,Hjurp,Enox2,Dhdh,Pgm2l1,Ube2k,Slc7a10,Cdyl2,BC003965,Mdc1,Nos3,Zbtb21,Sgms1,Ctdspl2,Akap10,Aff1,Zmat1,Spen,Peg3,Stk10,Cdh4,Dst
mmu-miR-339-5p,Fam227a,Slc25a42,Dusp3,Slc15a1,6030458C11Rik,Ttc26,Ppm1k,Lars2,Ptpn2,Acer1,Timmdc1,4930519G04Rik,2010315B03Rik,Pnpla3,Xrcc2,Nsl1,Mroh1,Gata1,Abcc9,Agtrap,Trim27,Ecm2,Sgms2,Aco1,Osbpl8,Slc35e2,Arhgap19,Zfp354a,Gmeb1,Ube2v2,Mfap1a,Ranbp3l,Cyb5d2,Mkl2,Tex9,Akap8,Mdc1,Bloc1s3,Dhx37,Ercc6,Kcnk6,Zyg11b,Cbln3,Nosip,Tfam,Cep97,Ptk6,Bpnt1,2810474O19Rik,Rad1,C5ar2,Dnajc1,Ddx19b,Mzt1,Dqx1,Gm4925,Car8,Rbm34,Gng2,Elmo2,Cd93,Ocln,Tstd2,P2ry4,Exosc1,Rbm11,Ston2,Kdm6b,Ajuba,Cdr2l,Mcc,Vsig10,Knop1,Usp45,Il1rl1,Smtnl2,Stam,Spib,Mrpl35,Cybrd1,Ifnar1,Klhl41,Fadd,Pgpep1,Slc2a4,Med18,Gfpt1,Isg20l2,Cercam,Cts8,Rmi2,Dnase2a,Gnl3l,Kif21b,Abt1,Zdhhc3,Csrnp3,Gjc3,9330159F19Rik,Grin2b,Samd8,Rab11b,Cenpl,Grap2,Slc6a20b,Ccl9,Ccdc127,Tigd3,Strbp,Pycr1,Cdk7,Adra2b,Dars2,Ripor2,Fam219b,Irak2,Zbtb8b,Smco1,Senp5,Kdelc2,Decr2,Pafah1b2,Nrcam,Zbtb44,Zfp317,Fam118a,Gal3st3,Nkiras1,Slc8b1,Parp11,Tox4,Mfn1,Gaa,Ppih,Cdk8,Ube2j2,Sox7,Smad9,Dhrs7b,Prdx1,Ctsa,B4galnt2,Nip7,Efr3b,Ogfod1,Cracr2b,Lrrn4cl,Rnd1,Ooep,Mmp25,Ttyh1,Ddo,Eno2,Man2a2,Zmat3,Rhbdl3,Zfp446,Wipf2,March2,Mbd4,Mcm5,Kif24,Mga,Trmt10a,Bace1,Foxl1,Gtpbp3,Dclre1c,Gdpgp1,Tnfrsf10b,Psmb11,2810006K23Rik,Agl,Lyrm9,Epb42,Slc35e1,Mmachc,Rbm8a,Aqp7,Tbl1xr1,Cflar,Bach2,Fam208a,Siglece,Ttc23,Rfxank,Fnip2,Senp1,Ereg,Exosc4,Cbfa2t2,Zfp345,Lpp,Stom,Oscp1,Tcf25,Zbtb8a,Hapln4,Tspan13,Pex13,Plek,Gls,Car9,Zfp780b,Paxip1,Vamp3,Etv6,Tmem263,Disp3,Lats1,Iws1,Zfp799,Zfp729a,Sc5d,Xkrx,Rac2,Kif3a,Syt15,Rinl,Zbtb6,Zfp398,Ramp1,Mfsd11,Hist1h2ac,Utp15,Polr1b
mmu-miR-105,Trim56,Npy1r,Mtif2,Glyctk,Ogdh,Lrp2bp,Camk4,Kif5b,Mc1r,Abl2,Tprkb,Gad2,A830018L16Rik,Hecw1,Adarb1,Zfp866,Cd300a,AY074887,Luc7l2,Tns4,Nav1,Grm1,Ppp2r3d,Agtrap,Eif1ad,Mob4,Nfatc3,Edn1,Serpinf2,Usp45,Ifngr2,Rasal2,Coa5,Fbxl3,Pwwp2a,Map3k12,Cxcl11,Auts2,Elf1,Nhlrc2,Zfp568,Emc8,Anapc16,Chek2,Ceacam18,Acat1,Nol10,Mpv17,Mmab,Mau2,Tmem245,Glrx2,Lpl,Ybey,Tmlhe,Diaph2,Asxl2,Chic1,Zfp607b,H2-T3,Hpgds,Mpp7,Samd8,Stxbp4,Dkc1,Chrnb4,Ptprg,Pik3c2a,Slc6a2,Ercc4,Magt1,Cntn2,Hyal1,Gabpb2,Car5b,Ddx11,Zfp882
mmu-miR-509-5p,Ogdh,Mylk2,Tmem69,Plxnc1,Irak1,Bbs1,Exosc2,Wdr89,Cyp2e1,Ttf1,Rab33b,Cflar,Slc7a2,Man1b1,Mrpl9,Sap18,Hist2h3c1,Bri3bp,Rs1,Mpv17,Klhl7,Bcas2,Churc1,Nip7,Dusp26,Pramef8,Slc25a34,Washc4,Mrpl11,Trim44,Pdzd8,H2-T23,Lcmt2,Cxcr2,Abcb7,S100pbp,Chrnb4,Brip1,Tapbpl,Ttc9c,Zfp459,Arpc4
mmu-miR-331-5p,Adtrp,Cd28,Mllt1,Kcnk6,Ybey,Pcdh20,Nkain3,Oxsm,Eif2s1,Zfp871
mmu-miR-615-3p,Zfp1,Txndc9,Fosl2
mmu-miR-883a-3p,Adarb2,Rasgrp3,Epb41,Tes,Pnoc,Abcc9,Rps6kb1,Tbl1xr1,Rnf139,Nif3l1,Spc24,Zfp949,Phactr2,Irgm1,Ccdc148,Tubal3,Kcnk3,S1pr5,Trp53rkb,Rbm39,Medag,Zscan12,Rab11fip1,Zbtb41,Gab1,Tsn,Rad52,Ggps1,Lbh
mmu-miR-582-5p,Bbs1,Ermap,Sertad2,Champ1,Sgpp1,Clca3a2,Tns3,Camsap2,Slc11a2,Dmrta2,Nkx2-3,Spryd3,Tnfrsf9,Akirin2,Xpo7,Kcnc2,Ehmt1,Mbd4,Ccdc88a,Fam172a,Rock2,Atrn,Pycr1
mmu-miR-380-3p,Mob3c,Dcp2,Exoc8,Tnfaip1,Adgra1,Sema6a,Zbtb42,Exosc1,Rabepk,Fkbp9,2310030G06Rik,Ifngr2,AW549877,Creb1,Snx16,Ints6,Anapc16,Acat1,Tspan13,Crx,Serinc1,Zfp780b,Idi2,Lcorl,Notch1
mmu-miR-384-5p,Fam227a,Camk4,Ice2,Zfp9,Tnrc6b,Tbc1d5,Lpar3,Wdr89,Pgr,Amer1,Cd300a,Ints12,Ptrhd1,Six4,Nfatc3,Strip1,Zfp711,Dpy19l1,Serpine1,Gskip,Csf1,Mgea5,Tomm70a,Rrad,Trp53rkb,Pigh,Il18r1,Slc16a1,Cdk13,Eno2,Zfp446,Cep170b,Ing1,Wdr44,Hoxb3,Reep4,Mesd
mmu-miR-465b-5p,Gm11559,Hltf,4930563E22Rik,Gid4,Dapk1,Tfap2b,Sim1,Veph1,Ybey,Ppp1r1c,Thrb,Nkain3,Map3k1,Tirap,Arl4a,Cdc37,Ybx1,4930430F08Rik,Setd7,Tbc1d24
mmu-miR-876-5p,Ttc26,4930519G04Rik,2010315B03Rik,Pnpla3,Abcc9,Irgm2,Sgms2,Commd8,Aco1,Osbpl8,Slc35e2,Glt8d1,Dync1li1,Ostf1,Pfas,Fam198b,Cyb5d2,Mkl2,Gpr157,Ercc6,Trub1,Cbln3,Bpnt1,Dynll1,Svopl,C5ar2,Prkcb,Nmrk2,Zfp459,Mzt1,Homer1,Car8,Rbm34,Hecw1,Ddhd2,Ajuba,Mcc,Knop1,Zfp422,Smtnl2,Fbxo43,Spib,Mrpl35,Cdnf,Itih5,Tubb5,Fadd,Rps3,Slc2a4,Med18,B2m,Isg20l2,Hnrnpab,Cts8,Xpo7,Rmi2,Gnl3l,Gje1,Rab11b,Rbm4,Sema4b,Strbp,Nfic,Neu3,Car5b,Tapbp,Gngt1,Fam219b,Smco1,Znrf1,Senp5,Luc7l2,Gal3st3,Slc3a2,Tox4,Pctp,Ppih,Fndc3b,Il17rd,Polr3gl,Fbxo30,Pdxk,Git2,Efr3b,Cracr2b,Helb,Rbak,Slc25a51,Ooep,Man2a2,Zmat3,Mcm5,Kif24,Zfhx3,Exoc8,Tle2,Plin3,Slc23a1,Agl,2810006K23Rik,Slc28a3,Mmachc,Aqp7,Tbl1xr1,Fam208a,Ufd1,Bach2,Fnip2,Cbfa2t2,Tspan31,Pde4c,Gls,Paxip1,Soga1,Gpx5,Gpr68,Ccr9,Ptprg,Rbms2,Polr1b
mmu-miR-450a-5p,Cep97,Dusp10,Pmepa1
mmu-miR-342-5p,Alkbh5,GFAP,Csnk1g1,Rab6b,Tspan18,Akt1,Slc10a5,Fbxl17
mmu-miR-125a-3p,Dqx1,Hist1h2br,Tnfrsf10b,Cry2,Psmb11,Rab33b,Mrpl40,Cenpf,Nfatc4,Aplp2,Hsd17b7,Rufy2,Gm14137,Bloc1s3,Tmem263,Hist1h2bq,Zfp446,Cep170b,Magt1,Galntl6,Zfp830,Ubac1,Bcat1
mmu-miR-682,Atp6ap2,Npm3,Lrrc58,Ube2k,Aff1,Synrg,Ptpre,Stk10,Gpr146,Edil3,Tmem88b
mmu-miR-878-5p,Npy1r,Prokr2,Chrnb4,Bcl2l11,Rgs8,Itih5,Pik3r3
mmu-miR-684,Iqgap2,Klrk1,Cst3,Atxn1,Ankle2,Urb2,Pax9,Mbtps2,Ppm1k,Msx2,Zfp953,Adgrf5,Chrna5,Kcnk3,Fgl2,Ddx11,Zyg11b
mmu-miR-465a-5p,Gm11559,Hltf,4930563E22Rik,Gid4,Dapk1,Tfap2b,Sim1,Veph1,Ybey,Ppp1r1c,Thrb,Nkain3,Map3k1,Tirap,Arl4a,Cdc37,Ybx1,4930430F08Rik,Setd7,Tbc1d24
mmu-miR-582-3p,Mkrn2os,Crebrf,Akr1d1,Dennd5b,Rad51d,Agps,Tnpo3,Tspan18,Cytip,Gpi1,Zim1,Cd300lf
mmu-miR-509-3p,Ptpn3,Frmpd4,Fmo5,Mrpl41
mmu-miR-188-3p,Mob3c,Med13l,Grasp,Kbtbd11,Gda,Trim71,Tshz3,Fzd5,Oxct1,Nfkbia,Zfp970,ATG7,Rnf185,Btrc,Mnat1,Haus2,Zfp971,Wdr25,Rdh13,Mnt
mmu-miR-532-5p,Dqx1,Exoc8,Gtpbp3,Pde1a,Zbtb8b,Hinfp,Psd3,2810006K23Rik,Col8a1,Kalrn,Ly6e,Fgl2,Trps1,B4galnt2,Pfas,Supt7l,Sf3a1,Mfsd6,Dnase2a,Pdzd8,Rnd1,Trub1,Prrg3,Dnmt3a,Ccdc127,Zfp446,Mbd4,Gabpb2,Ripor2
mmu-miR-615-5p,Coq3,Lin28a,Hoxa7,Msx2,Igf2,Mbp,Cdkn2a
mmu-miR-675-3p,Wnt7a,Slamf1,Sema5b,Tmco1,Sema5a,Ell2,Flrt1,Lrrc40,Vdr,P4ha3,Slc15a5,Pstpip2,Nsd2,Prr11,Slc6a6,Myo1e,Fam214b,Rab9b,Il18r1,Zc3h12a,Ccdc127,Zfp46
mmu-miR-296-3p,Clvs1,Dusp8,Igf1r,Gna14,Tfam,Tnf,Prss43,Nsa2,Braf,Mcmdc2,Cxcl11,Car5b,Phf14,Ctla2a
mmu-miR-484,Foxn3,Plekhg1,Rpl23,Pbxip1,Dcun1d3,Ubp1,PCDH19,Rragd,Bckdk,Mat2a,Tmbim1,Cx3cr1,Tmem201,Cops2,Serp1,Ubtf
mmu-miR-345-3p,Ildr2,Rcan2,Braf,Magee2,Adat1,Afg3l1,Abcd3,Tbl2,Nwd1,Atp8b1,Ldlr,Slamf8,Cwc25,Gpr165,Ermn,Cdk5r1
mmu-miR-207,Crebrf,Oacyl,Gda,Prkag3,Nrl,Zfp994,Adcy6,Ntm,Txnl4a,Dzank1,Cplx2,Ubtf,Itgam,Prlr,Ascl4,Nab1,Preb,Sh3bgrl,Lpl,Prr5l,Pigr,Steap2,Plcl1,Emp2,Mfsd4b5,Rab3c,Slc22a12
mmu-miR-883a-5p,Adarb2,Rasgrp3,Itgav,Ehbp1l1,Ociad2,Esf1,Arpc5,Rps6kb1,Nav1,Rnf139,Atp2b3,Nif3l1,Zfp949,Htt,Ccdc148,Nol11,Ccdc32,S1pr5,Slc25a34,Trp53rkb,Mrps14,Medag,Zdhhc3,Cdk9,Ugt2b34,Zscan12,Eno2,Rassf4,Asxl2
mmu-miR-540-3p,0610010B08Rik,Ccnd2,Gm14430,Six4,Tjp3,Gm14434,Lars2,Luzp2,Gm14326,Gm14325,5430427O19Rik
mmu-miR-139-5p,Slc15a1,Dusp3,6030458C11Rik,Ttc26,Zfp872,Tars2,Irs1,Pcdhb13,Sec23ip,Xrcc2,Irgm2,Commd8,Osbpl8,Cwc25,March5,Pphln1,Tln2,Atp5g3,Nanog,Ybey,Ostf1,Fam198b,Cyb5d2,Sema3e,Akirin2,Tex9,Akap8,Dhx37,Tmem206,Lix1,Zfp697,Cep97,Rnf150,Dynll1,Nmrk2,Sfxn4,Mzt1,Gng2,Inpp5e,Nop9,Hacd3,Ocln,Gas2l3,Tmem88b,Ddhd2,Pmaip1,Ajuba,Vsig10,Knop1,Hist1h4i,Spib,Bub1,Rnaseh2a,Gfpt1,Isg20l2,Sec22c,Hnrnpab,Cts8,Xpo7,Rrp36,Dnase2a,Zdhhc3,Pigv,Sco1,Gje1,Fitm2,Stx17,Dennd6a,Slc1a7,Notch1,Zfp830,Dtwd2,Atrn,Ubac1,Pycr1,Cdk7,Dars2,Gcnt3,Foxo1,Prpf4,Gngt1,Map3k20,Tfcp2,Zc3hav1l,Sirpa,Smco1,Rchy1,Onecut3,Dlx3,Decr2,Tspyl1,Clns1a,Luc7l2,Ldlrad2,Lrrc58,Parp11,D17H6S53E,Mrpl40,Entpd5,Msi2,Sumf2,Ccdc157,Prdx1,Ctsa,Nip7,Nup214,Iba57,Cracr2b,Rbak,Slc25a51,Mmp25,Rnd1,Man2a2,Mbd4,Mrpl15,Tmx4,T2,Mga,Teddm1b,Trmt10a,Zfp113,Gtpbp3,Trim36,Gdpgp1,Tmem69,Bbs1,Cep68,Akap5,Rprd1a,Fzd7,Slc35e1,Acvr1c,Akr1d1,Ptp4a3,Sgo2a,Bach2,Zfp322a,Ttc5,Rasal2,Tulp3,Orai3,Zfp345,Zfp11,Exosc4,Mkrn2os,Bysl,2810021J22Rik,Pfkl,Thap2,Rho,Tmco3,Chrna1,Zfp799,Gpr68,Sc5d,Dll3
mmu-miR-453,Stxbp2,Foxr1,Mrpl43,Rab11fip1,Vwa7,Moap1,Cxcr2,Oip5,Scml4,Mfsd2b,Pbld1,Wdr34,Loxl2,Zfp935,Gla,Gm10778,Polr2l,Prc1,Pnpla3,Tceal8
mmu-miR-680,Cldn19,Vcan,Ctnnb1,Hist2h3c1,Cd59a,Rnase4,Slc17a5
mmu-miR-323-3p,Kctd12,Sept8,Kcnj2,Rc3h2,Ehf,Crem,Taf3,Tyw1,Pira1,Pira2,2510002D24Rik,Maml3,Atf7,Dstyk,4930539E08Rik,Atp8b1,Elmsan1,Iars2,Usp6nl,Twist2,Eed,Azi2,Fzd3,Ccser1
mmu-miR-671-3p,Pbx1
mmu-miR-139-3p,Sco1,Mtf1,Opa3,Nav2,Plxna4
mmu-miR-337-5p,Gad2,Spef1
